id,brand,name,format,style,mg,grupp
general-extra-stark-portion,General,Extra Stark Portion,Large,Original,"15,4 mg/prilla · 14 mg/g",1
general-original-portion-strong,General,Original Portion Strong,Large,Original,14 mg/prilla · 14 mg/g,1
general-original-portion,General,Original Portion,Large,Original,"8,5 mg/prilla · 8,5 mg/g",1
general-slim-white-portion-strong,General,Slim White Portion Strong,Slim,White,"10,8 mg/prilla · 13,5 mg/g",1
general-slim-white,General,Slim White,Slim,White,"6,8 mg/prilla · 8,5 mg/g",1
general-white-portion-strong,General,White Portion Strong,Large,White,"10,8 mg/prilla · 12 mg/g",1
general-white-portion,General,White Portion,Large,White,"7,2 mg/prilla · 8 mg/g",1
noat-cold-mint-10mg,NOAT,Cold mint 10mg,Slim,White,10 mg/prilla,2
noat-ginger-peach-7mg,NOAT,Ginger Peach 7mg,Slim,White,7 mg/prilla,2
noat-matcha-7mg,NOAT,Matcha 7mg,Slim,White,7 mg/prilla,2
noat-peppermint-7mg,NOAT,Peppermint 7mg,Slim,White,7 mg/prilla,2
noat-spearmint-4mg,NOAT,Spearmint 4mg,Slim,White,4 mg/prilla,2
noat-spicy-lime-7mg,NOAT,Spicy Lime 7mg,Slim,White,7 mg/prilla,2
noat-spicy-melon-7mg,NOAT,Spicy Melon 7mg,Slim,White,7 mg/prilla,2
knox-extra-stark-portion,Knox,Extra Stark Portion,Large,Original,"17,1 mg/prilla · 19 mg/g",3
knox-extra-stark-white-portion,Knox,Extra Stark White Portion,Large,White,"15,2 mg/prilla · 19 mg/g",3
knox-portion,Knox,Portion,Large,Original,"7,2 mg/prilla · 8 mg/g",3
knox-stark-portion,Knox,Stark Portion,Large,Original,"14,4 mg/prilla · 16 mg/g",3
knox-stark-white-portion,Knox,Stark White Portion,Large,White,"12,8 mg/prilla · 16 mg/g",3
knox-white-portion,Knox,White Portion,Large,White,"10,4 mg/prilla · 13 mg/g",3
goteborgs-rape-portion,Göteborgs Rapé,Portion,Large,Original,10 mg/prilla · 10 mg/g,4
goteborgs-rape-slim-white-portion-stark,Göteborgs Rapé,Slim White Portion Stark,Slim,White,"10,8 mg/prilla · 13,5 mg/g",4
goteborgs-rape-slim-white,Göteborgs Rapé,Slim White,Slim,White,"6,8 mg/prilla · 8,5 mg/g",4
goteborgs-rape-stark-vit-portion,Göteborgs Rapé,Stark Vit Portion,Large,White,"10,8 mg/prilla · 12 mg/g",4
goteborgs-rape-white-portion,Göteborgs Rapé,White Portion,Large,White,"7,2 mg/prilla · 8 mg/g",4
g-3-g3-extra-strong-slim-white,G.3,G3 Extra Strong Slim White,Slim,White,"16,2 mg/prilla · 18 mg/g",5
g-3-g3-extra-strong-slim,G.3,G3 Extra Strong Slim,Slim,Original,18 mg/prilla · 20 mg/g,5
g-3-g3-original-stark-slim-portionssnus,G.3,G3 Original Stark Slim Portionssnus,Slim,Original,"13,5 mg/prilla · 15 mg/g",5
g-3-g3-strong-superslim-white,G.3,G3 Strong Superslim White,Superslim,White,"9,6 mg/prilla · 18 mg/g",5
kapten-original-portion,Kapten,Original Portion,Large,Original,"10,2 mg/prilla · 11,3 mg/g",6
kapten-original-stark-portion,Kapten,Original Stark Portion,Large,Original,"12,1 mg/prilla · 13,4 mg/g",6
kapten-vit-portion,Kapten,Vit Portion,Large,White,"11,3 mg/prilla · 12,5 mg/g",6
kapten-vit-stark-portion,Kapten,Vit Stark Portion,Large,White,"13,1 mg/prilla · 14,6 mg/g",6
kronan-portion,Kronan,Portion,Large,Original,"8,3 mg/prilla · 8,5 mg/g",7
kronan-stark-portion,Kronan,Stark Portion,Large,Original,"14,7 mg/prilla · 15 mg/g",7
kronan-stark-vit-portion,Kronan,Stark Vit Portion,Large,White,"10,5 mg/prilla · 12 mg/g",7
kronan-vit-portion,Kronan,Vit Portion,Large,White,"7,9 mg/prilla · 9 mg/g",7
ld-original-portionssnus,LD,Original Portionssnus,Large,Original,9 mg/prilla · 10 mg/g,8
ld-original-stark-portionssnus,LD,Original Stark Portionssnus,Large,Original,"12,6 mg/prilla · 14 mg/g",8
ld-stark-white-portion,LD,Stark White Portion,Large,White,"11,2 mg/prilla · 14 mg/g",8
ld-white-portion,LD,White Portion,Large,White,8 mg/prilla · 10 mg/g,8
vargarda-skog-original-portion,Vårgårda,Skog Original Portion,Large,Original,10 mg/prilla · 10 mg/g,9
vargarda-skog-slim,Vårgårda,Skog Slim,Slim,White,7 mg/prilla · 10 mg/g,9
vargarda-skog-stark,Vårgårda,Skog Stark,Large,White,14 mg/prilla · 14 mg/g,9
vargarda-skog-white-portion,Vårgårda,Skog White Portion,Large,White,10 mg/prilla · 10 mg/g,9
apres-cola-mild-mini,Après,Cola Mild Mini,Mini,White,"3,2 mg/prilla · 8 mg/g",10
apres-menthol-mild-mini,Après,Menthol Mild Mini,Mini,White,"3,2 mg/prilla · 8 mg/g",10
apres-menthol-stark-slim,Après,Menthol Stark Slim,Slim,White,"8,3 mg/prilla · 15 mg/g",10
apres-ice-tea-peach-mild-mini,Après,Ice Tea Peach Mild Mini,Mini,White,"3,2 mg/prilla · 8 mg/g",11
apres-ice-tea-peach-slim,Après,Ice Tea Peach Slim,Slim,White,"4,4 mg/prilla · 8 mg/g",11
apres-ice-tea-peach-stark-slim,Après,Ice Tea Peach Stark Slim,Slim,White,"8,3 mg/prilla · 15 mg/g",11
granit-original-portion,Granit,Original Portion,Large,Original,"7,7 mg/prilla · 9 mg/g",12
granit-original-white-portion,Granit,Original White Portion,Large,White,8 mg/prilla · 10 mg/g,12
granit-stark-white-portion,Granit,Stark White Portion,Large,White,"12,8 mg/prilla · 16 mg/g",12
grov-extra-stark-portion,Grov,Extra Stark Portion,Large,Original,15 mg/prilla · 15 mg/g,13
grov-portion,Grov,Portion,Large,Original,"8,5 mg/prilla · 8,5 mg/g",13
grov-white-portion,Grov,White Portion,Large,White,"7,2 mg/prilla · 8 mg/g",13
klar-mint-extra-strong-mini,KLAR,Mint Extra Strong Mini,Slim,White,"9,4 mg/prilla · 15 mg/g",14
klar-mint-regular-mini,KLAR,Mint Regular Mini,Mini,White,3 mg/prilla · 7 mg/g,14
klar-mint-strong-mini,KLAR,Mint Strong Mini,Mini,White,6 mg/prilla · 14 mg/g,14
ld-salmiak-portionssnus,LD,Salmiak Portionssnus,Large,Original,9 mg/prilla · 10 mg/g,15
ld-salmiak-stark-portionssnus,LD,Salmiak Stark Portionssnus,Large,Original,"12,6 mg/prilla · 14 mg/g",15
ld-salmiak-white-portion,LD,Salmiak White Portion,Large,White,8 mg/prilla · 10 mg/g,15
lundgrens-aftonglod-original-portion,Lundgrens,Aftonglöd Original Portion,Large,Original,"8 mg/prilla · 9,4 mg/g",16
lundgrens-aftonglod-stark,Lundgrens,Aftonglöd Stark,Large,White,"12,8 mg/prilla · 16 mg/g",16
lundgrens-aftonglod,Lundgrens,Aftonglöd,Large,White,8 mg/prilla · 10 mg/g,16
lundgrens-original-portion,Lundgrens,Original Portion,Large,Original,"7,7 mg/prilla · 9 mg/g",17
lundgrens-vit-portion-stark,Lundgrens,Vit Portion Stark,Large,White,"12,6 mg/prilla · 16 mg/g",17
lundgrens-vit-portion,Lundgrens,Vit Portion,Large,White,8 mg/prilla · 10 mg/g,17
lundgrens-skane-slim-white-portion,Lundgrens,Skåne Slim White Portion,Slim,White,7 mg/prilla · 10 mg/g,18
lundgrens-skane-stark-vit,Lundgrens,Skåne Stark Vit,Large,White,"15,1 mg/prilla · 17,3 mg/g",18
lundgrens-skane-white-portion,Lundgrens,Skåne White Portion,Large,White,8 mg/prilla · 10 mg/g,18
siberia-all-white-extra-stark-original-tobaksfritt-snus,Siberia,All White Extra Stark Original Tobaksfritt Snus,Large,White,33 mg/prilla · 33 mg/g,19
siberia-all-white-extra-stark-slim-tobaksfritt-snus,Siberia,All White Extra Stark Slim Tobaksfritt Snus,Slim,White,"24,8 mg/prilla · 33 mg/g",19
siberia-all-white-extra-stark-superslim-tobaksfritt-snus,Siberia,All White Extra Stark Superslim Tobaksfritt Snus,Superslim,White,"19,8 mg/prilla · 33 mg/g",19
skruf-no-02-fresh-slim-white-portion,Skruf,No. 02 Fresh Slim White Portion,Slim,White,"9,7 mg/prilla · 14 mg/g",20
skruf-no-04-fresh-stark-slim-white-portion,Skruf,No. 04 Fresh Stark Slim White Portion,Slim,White,"14,5 mg/prilla · 21 mg/g",20
skruf-no-05-fresh-extra-stark-slim-white-portion,Skruf,No. 05 Fresh Extra Stark Slim White Portion,Slim,White,"16,6 mg/prilla · 24 mg/g",20
skruf-no-23-stark-white-portion,Skruf,No. 23 Stark White Portion,Large,White,"12,6 mg/prilla · 14 mg/g",21
skruf-no-24-extra-stark-white-portion,Skruf,No. 24 Extra Stark White Portion,Large,White,"15,3 mg/prilla · 17 mg/g",21
skruf-no-26-original-stark-slim-white-portion,Skruf,No. 26 Original Stark Slim White Portion,Slim,White,"11,8 mg/prilla · 17 mg/g",21
zafari-desert-mint-light,Zafari,Desert Mint (light),Slim,White,4 mg/prilla · 8 mg/g,22
zafari-desert-mint-stark,Zafari,Desert Mint Stark,Slim,White,10 mg/prilla · 20 mg/g,22
zafari-desert-mint,Zafari,Desert Mint,Slim,White,6 mg/prilla · 12 mg/g,22
zafari-red-sea-orange-light,Zafari,Red Sea Orange (Light),Slim,White,4 mg/prilla · 8 mg/g,23
zafari-red-sea-orange-stark,Zafari,Red Sea Orange Stark,Slim,White,10 mg/prilla · 20 mg/g,23
zafari-red-sea-orange,Zafari,Red Sea Orange,Slim,White,6 mg/prilla · 12 mg/g,23
zafari-sunset-mango-light,Zafari,Sunset Mango (light),Slim,White,4 mg/prilla · 8 mg/g,24
zafari-sunset-mango-stark,Zafari,Sunset Mango Stark,Slim,White,10 mg/prilla · 20 mg/g,24
zafari-sunset-mango,Zafari,Sunset Mango,Slim,White,6 mg/prilla · 12 mg/g,24
zyn-bellini-mini-dry-2,Zyn,Bellini Mini Dry 2,Mini,White Dry,"3 mg/prilla · 7,5 mg/g",25
zyn-espressino-mini-dry-2,Zyn,Espressino Mini Dry 2,Mini,White Dry,"3 mg/prilla · 7,5 mg/g",25
zyn-original-mini-2,Zyn,Original Mini 2,Mini,White,"3 mg/prilla · 7,5 mg/g",25
zyn-cactus-spice-slim-3-co,Zyn,Cactus Spice Slim 3 CO,Slim,White,"9 mg/prilla · 13,2 mg/g",26
zyn-cactus-spice-slim-3,Zyn,Cactus Spice Slim 3,Slim,White,"9 mg/prilla · 13,2 mg/g",26
zyn-cactus-spice-slim-4,Zyn,Cactus Spice Slim 4,Slim,White,"10,6 mg/prilla · 15,6 mg/g",26
zyn-red-berry-fizz-slim-2-co,Zyn,Red Berry Fizz Slim 2 CO,Slim,White,"6 mg/prilla · 8,8 mg/g",27
zyn-red-berry-fizz-slim-2,Zyn,Red Berry Fizz Slim 2,Slim,White,"6 mg/prilla · 8,8 mg/g",27
zyn-red-berry-fizz-slim-4,Zyn,Red Berry Fizz Slim 4,Slim,White,"10,6 mg/prilla · 15,6 mg/g",27
apres-appletini-stark-slim,Après,Appletini Stark Slim,Slim,White,"8,3 mg/prilla · 15 mg/g",28
apres-appletini,Après,Appletini,Slim,White,"4,4 mg/prilla · 8 mg/g",28
apres-cactus-lime-extra-strong,Après,Cactus Lime Extra Strong,Slim,White,"8,3 mg/prilla · 15 mg/g",29
apres-cactus-lime,Après,Cactus/Lime,Slim,White,"4,4 mg/prilla · 8 mg/g",29
apres-cola-slim,Après,Cola Slim,Slim,White,"4,4 mg/prilla · 8 mg/g",30
apres-cola-stark-slim,Après,Cola Stark Slim,Slim,White,"8,3 mg/prilla · 15 mg/g",30
apres-lemon-curd-extra-strong,Après,Lemon Curd Extra Strong,Slim,White,"8,3 mg/prilla · 15 mg/g",31
apres-lemon-curd-slim,Après,Lemon Curd Slim,Slim,White,"4,4 mg/prilla · 8 mg/g",31
apres-no-8-apres-raspberry-liqorice-extra-strong,Après,No.8 Après Raspberry Liqorice - Extra Strong,Slim,White,"8,3 mg/prilla",32
apres-raspberry-liqorice-slim,Après,Raspberry Liqorice Slim,Slim,White,"4,4 mg/prilla · 8 mg/g",32
apres-tangerine-spritz-extra-strong,Après,Tangerine Spritz Extra Strong,Slim,White,"8,3 mg/prilla · 15 mg/g",33
apres-tangerine-spritz,Après,Tangerine Spritz,Slim,White,"4,4 mg/prilla · 8 mg/g",33
catch-licorice-original-mini,Catch,Licorice Original Mini,Mini,Original,"4,2 mg/prilla · 8 mg/g",34
catch-licorice-white-mini,Catch,Licorice White Mini,Mini,White,"3,6 mg/prilla · 8,5 mg/g",34
ettan-portion,Ettan,Portion,Large,Original,8 mg/prilla · 8 mg/g,35
ettan-white-portion,Ettan,White Portion,Large,White,"7,7 mg/prilla · 8,6 mg/g",35
fumi-fiery-mango-strong-4-co,Fumi,Fiery Mango Strong 4 CO,Slim,White,"8 mg/prilla · 11,4 mg/g",36
fumi-fiery-mango-strong-4,Fumi,Fiery Mango Strong 4,Slim,White,"8 mg/prilla · 11,4 mg/g",36
fumi-minty-blueberry-strong-4,Fumi,Minty Blueberry Strong 4,Slim,White,"8 mg/prilla · 11,4 mg/g",37
fumi-tangy-apple-strong-4,Fumi,Tangy Apple Strong 4,Slim,White,"8 mg/prilla · 11,4 mg/g",37
fumi-salty-violet-regular-3,Fumi,Salty Violet Regular 3,Slim,White,"4 mg/prilla · 5,7 mg/g",38
fumi-salty-violet-strong-4,Fumi,Salty Violet Strong 4,Slim,White,"8 mg/prilla · 11,4 mg/g",38
fumi-tangy-strawberry-regular-3,Fumi,Tangy Strawberry Regular 3,Slim,White,"4 mg/prilla · 5,7 mg/g",39
fumi-tangy-strawberry-strong-4,Fumi,Tangy Strawberry Strong 4,Slim,White,"8 mg/prilla · 11,4 mg/g",39
g-3-g3-blue-mint-extra-stark,G.3,G3 Blue Mint Extra Stark,Slim,Original,18 mg/prilla · 26 mg/g,40
g-3-g3-blue-mint-stark-superslim,G.3,G3 Blue Mint Stark Superslim,Superslim,Original,"9,6 mg/prilla · 18 mg/g",40
general-mini-white,General,Mini White,Mini,White,4 mg/prilla · 8 mg/g,41
general-mini,General,Mini,Mini,Original,"4,2 mg/prilla · 8 mg/g",41
greatest-cold-dry-16-mg-5-megacan,Greatest,Cold Dry 16 mg 5 Megacan,Slim,White Dry,"11,2 mg/prilla · 16 mg/g",42
greatest-cold-dry-16-mg-5,Greatest,Cold Dry 16 mg 5,Slim,White Dry,"11,2 mg/prilla · 16 mg/g",42
helwit-banana-2-co,Helwit,Banana 2 CO,Slim,White,"3,5 mg/prilla · 7 mg/g",43
helwit-banana-2,Helwit,Banana 2,Slim,White,"3,5 mg/prilla · 7 mg/g",43
helwit-blueberry-extra-strong,Helwit,Blueberry Extra Strong,Slim,White,"7,5 mg/prilla · 15 mg/g",44
helwit-blueberry,Helwit,Blueberry,Slim,White,"4,5 mg/prilla · 9 mg/g",44
helwit-cola-extra-strong,Helwit,Cola Extra Strong,Slim,White,"7,5 mg/prilla · 15 mg/g",45
helwit-cola,Helwit,Cola,Slim,White,"3,5 mg/prilla · 7 mg/g",45
helwit-mocha-extra-strong,Helwit,Mocha Extra Strong,Slim,White,"7,5 mg/prilla · 15 mg/g",46
helwit-mocha,Helwit,Mocha,Slim,White,"4,5 mg/prilla · 9 mg/g",46
kaliber-original-portion,Kaliber,Original Portion,Large,Original,"7,7 mg/prilla · 8,5 mg/g",47
kaliber-white-portion,Kaliber,White Portion,Large,White,"6,4 mg/prilla · 8 mg/g",47
kaliber-plus-portion,Kaliber,Plus Portion,Large,Original,"9,9 mg/prilla · 11 mg/g",48
kaliber-plus-stark-white-portion,Kaliber,Plus Stark White Portion,Large,White,"11,7 mg/prilla · 13 mg/g",48
klint-breeze-mint-2,Klint,Breeze Mint 2,Slim,White,"5,6 mg/prilla · 8 mg/g",49
klint-breeze-mint,Klint,Breeze Mint,Slim,White,"5,6 mg/prilla · 8 mg/g",49
knox-karaktar-blue-stark-white-portion,Knox,Karaktär Blue Stark White Portion,Large,White,"12,2 mg/prilla · 14 mg/g",50
knox-karaktar-blue-white-portion,Knox,Karaktär Blue White Portion,Large,White,"10,5 mg/prilla · 12 mg/g",50
ld-30-original-portionssnus,LD,30 Original Portionssnus,Large,Original,9 mg/prilla · 10 mg/g,51
ld-30-white-portion,LD,30 White Portion,Large,White,8 mg/prilla · 10 mg/g,51
ld-signum-bergamott-vit-stark-portionssnus,LD,Signum Bergamott Vit Stark Portionssnus,Large,White,"12,6 mg/prilla · 14 mg/g",52
ld-signum-vit,LD,Signum Vit,Large,Original,9 mg/prilla · 10 mg/g,52
lewa-classic-liquorice,Lewa,Classic Liquorice,Large,White,"13,5 mg/prilla · 15 mg/g",53
lewa-classic-taste-of-tobacco,Lewa,Classic Taste of Tobacco,Large,White,"13,5 mg/prilla · 15 mg/g",53
loop-fresh-peppermint-mini-hyper-strong-co,Loop,Fresh Peppermint Mini Hyper Strong CO,Mini,White,"10,5 mg/prilla · 24 mg/g",54
loop-fresh-peppermint-mini-hyper-strong,Loop,Fresh Peppermint Mini Hyper Strong,Mini,White,"10,5 mg/prilla · 24 mg/g",54
loop-fresh-spearmint-mini-hyper-strong-co,Loop,Fresh Spearmint Mini Hyper Strong CO,Mini,White,"10,5 mg/prilla · 23 mg/g",55
loop-fresh-spearmint-mini-hyper-strong,Loop,Fresh Spearmint Mini Hyper Strong,Mini,White,"10,5 mg/prilla · 23 mg/g",55
loop-hot-mango-extra-strong,Loop,Hot Mango Extra Strong,Slim,White,"12,5 mg/prilla · 20 mg/g",56
loop-hot-mango-stark,Loop,Hot Mango Stark,Slim,White,"9,4 mg/prilla · 15 mg/g",56
loop-jalapeno-lime-extra-stark,Loop,Jalapeño Lime Extra Stark,Slim,White,"12,5 mg/prilla · 20 mg/g",57
loop-jalapeno-lime-stark,Loop,Jalapeño Lime Stark,Slim,White,"9,4 mg/prilla · 15 mg/g",57
loop-licorice-fusion-extra-strong,Loop,Licorice Fusion Extra Strong,Slim,White,"12,5 mg/prilla · 20 mg/g",58
loop-licorice-fusion-stark,Loop,Licorice Fusion Stark,Slim,White,"9,4 mg/prilla · 15 mg/g",58
loop-red-chili-melon-extra-stark,Loop,Red Chili Melon Extra Stark,Slim,White,"12,5 mg/prilla · 20 mg/g",59
loop-red-chili-melon-stark,Loop,Red Chili Melon Stark,Slim,White,"9,4 mg/prilla · 15 mg/g",59
loop-smooth-mint-extra-strong,Loop,Smooth Mint Extra Strong,Slim,White,"12,5 mg/prilla · 20 mg/g",60
loop-smooth-mint-strong,Loop,Smooth Mint Strong,Slim,White,"9,4 mg/prilla · 15 mg/g",60
loop-smooth-mint-hyper-strong,Loop,Smooth Mint Hyper Strong,Slim,White,"15,6 mg/prilla · 25 mg/g",61
loop-smooth-mint-mini-hyper-strong,Loop,Smooth Mint Mini Hyper Strong,Slim,White,"11,3 mg/prilla · 25 mg/g",61
lundgrens-mork-stark,Lundgrens,Mörk Stark,Large,White,"10 mg/prilla · 12,5 mg/g",62
lundgrens-mork,Lundgrens,Mörk,Large,White,8 mg/prilla · 10 mg/g,62
lundgrens-norrland-stark-white-portion,Lundgrens,Norrland Stark White Portion,Large,White,"15,1 mg/prilla · 17,3 mg/g",63
lundgrens-norrland-white-portion,Lundgrens,Norrland White Portion,Large,White,"7,3 mg/prilla · 10 mg/g",63
nick-johnny-crushed-ice-extra-strong-portion,Nick & Johnny,Crushed Ice Extra Strong Portion,Large,Original,"16,5 mg/prilla · 15 mg/g",64
nick-johnny-crushed-ice-extra-strong-white,Nick & Johnny,Crushed Ice Extra Strong White,Large,White,12 mg/prilla · 12 mg/g,64
skruf-no-22-original-white-portion,Skruf,No. 22 Original White Portion,Large,White,"10,8 mg/prilla · 12 mg/g",65
skruf-no-25-original-slim-white-portion,Skruf,No. 25 Original Slim White Portion,Slim,White,"10,4 mg/prilla · 15 mg/g",65
skruf-no-28-stark-portion,Skruf,No. 28 Stark Portion,Large,Original,"14,4 mg/prilla · 16 mg/g",66
skruf-no-29-extra-stark-portion,Skruf,No. 29 Extra Stark Portion,Large,Original,"17,1 mg/prilla · 19 mg/g",66
skruf-super-white-no-53-fresh-mint-3-stark,Skruf Super White,No. 53 Fresh Mint #3 Stark,Slim,White,"9,4 mg/prilla · 13 mg/g",67
skruf-super-white-no-54-fresh-mint-4-extra-stark,Skruf Super White,No. 54 Fresh Mint #4 Extra Stark,Slim,White,13 mg/prilla · 18 mg/g,67
skruf-super-white-no-56-nordic-liquorice-2,Skruf Super White,No. 56 Nordic Liquorice #2,Slim,White,"5,8 mg/prilla · 8 mg/g",68
skruf-super-white-no-58-nordic-liquorice-4-extra-stark,Skruf Super White,No. 58 Nordic Liquorice #4 Extra Stark,Slim,White,13 mg/prilla · 18 mg/g,68
smalands-brukssnus-portion,Smålands Brukssnus,Portion,Large,Original,"9,9 mg/prilla · 13 mg/g",69
smalands-brukssnus-white-portion,Smålands Brukssnus,White Portion,Large,White,"8,4 mg/prilla · 14 mg/g",69
sting-free-stingfree-ocean-mint-strong,Sting Free,Stingfree Ocean Mint Strong,Slim,White,11 mg/prilla · 20 mg/g,70
sting-free-stingfree-ocean-mint,Sting Free,Stingfree Ocean Mint,Slim,White,"5,5 mg/prilla · 10 mg/g",70
valkyria-pictish-spearmint-2-co,Valkyria,Pictish Spearmint 2 CO,Slim,White,"6,5 mg/prilla · 10 mg/g",71
valkyria-pictish-spearmint-2,Valkyria,Pictish Spearmint 2,Slim,White,"6,5 mg/prilla · 10 mg/g",71
valkyria-pictish-spearmint-4-co,Valkyria,Pictish Spearmint 4 CO,Slim,White,"9 mg/prilla · 13,8 mg/g",72
valkyria-pictish-spearmint-4,Valkyria,Pictish Spearmint 4,Slim,White,"9 mg/prilla · 13,8 mg/g",72
vargarda-bar-stark,Vårgårda,Bär Stark,Large,White,14 mg/prilla · 14 mg/g,73
vargarda-bar-white-portion,Vårgårda,Bär White Portion,Large,White,10 mg/prilla · 10 mg/g,73
vargarda-gryning-limited-edition,Vårgårda,Gryning Limited Edition,Large,White,10 mg/prilla · 10 mg/g,74
vargarda-gryning,Vårgårda,Gryning,Large,White,10 mg/prilla · 10 mg/g,74
velo-freezing-peppermint-14,Velo,Freezing Peppermint 14,Slim,White,14 mg/prilla · 20 mg/g,75
velo-freezing-peppermint-17,Velo,Freezing Peppermint 17,Slim,White,"17 mg/prilla · 24,3 mg/g",75
velo-mclaren-sweet-papaya-limited-edition,Velo,McLaren Sweet Papaya Limited Edition,Slim,White,"8 mg/prilla · 11,4 mg/g",76
velo-sweet-blackcurrant-limited-edition,Velo,Sweet Blackcurrant Limited Edition,Slim,White,"8 mg/prilla · 11,4 mg/g",76
velo-shift-cool-peppermint,Velo,Shift Cool Peppermint,Slim,White,8 mg/prilla · 5 mg/g,77
velo-shift-hot-spearmint,Velo,Shift Hot Spearmint,Slim,White,8 mg/prilla · 5 mg/g,77
vid-coffee-caramel-stark,Vid,Coffee Caramel Stark,Slim,White,"9,6 mg/prilla · 16 mg/g",78
vid-coffee-caramel,Vid,Coffee Caramel,Slim,White,"7,2 mg/prilla · 12 mg/g",78
vid-cola-sour-stark,Vid,Cola Sour Stark,Slim,White,"9,6 mg/prilla · 16 mg/g",79
vid-cola-sour,Vid,Cola Sour,Slim,White,"7,2 mg/prilla · 12 mg/g",79
vid-perfect-pear-stark,Vid,Perfect Pear Stark,Slim,White,"11,2 mg/prilla · 16 mg/g",80
vid-perfect-pear,Vid,Perfect Pear,Slim,White,"8,4 mg/prilla · 12 mg/g",80
vid-vanilla-pear-stark,Vid,Vanilla Pear Stark,Slim,White,"9,6 mg/prilla · 16 mg/g",81
vid-vanilla-pear,Vid,Vanilla Pear,Slim,White,"7,2 mg/prilla · 12 mg/g",81
vont-juicy-berry-normalstark,Vont,Juicy Berry normalstark,Slim,White,"6 mg/prilla · 8,6 mg/g",82
vont-juicy-berry-stark,Vont,Juicy Berry Stark,Slim,White,"12 mg/prilla · 17,1 mg/g",82
vont-sweet-melon-stark,Vont,Sweet Melon Stark,Slim,White,"12 mg/prilla · 17,1 mg/g",83
vont-sweet-melon,Vont,Sweet Melon,Slim,White,"6 mg/prilla · 8,6 mg/g",83
xqs-arctic-freeze-slim,XQS,Arctic Freeze Slim,Slim,White,"9,6 mg/prilla · 16 mg/g",84
xqs-arctic-freeze-stark,XQS,Arctic Freeze Stark,Slim,White,"11,2 mg/prilla · 16 mg/g",84
xqs-black-cherry-4mg,XQS,Black Cherry 4mg,Slim,White,4 mg/prilla · 8 mg/g,85
xqs-black-cherry,XQS,Black Cherry,Slim,White,8 mg/prilla · 16 mg/g,85
xqs-orange-apple-4mg,XQS,Orange Apple 4mg,Slim,White,4 mg/prilla · 8 mg/g,86
xqs-orange-apple,XQS,Orange Apple,Slim,White,8 mg/prilla · 16 mg/g,86
zafari-sauna-tar-mild,Zafari,Sauna Tar Mild,Slim,White,4 mg/prilla · 8 mg/g,87
zafari-sauna-tar,Zafari,Sauna Tar,Slim,White,6 mg/prilla · 12 mg/g,87
zixs-ice-stark-original,Zixs,Ice Stark Original,Large,White,"10,3 mg/prilla · 14 mg/g",88
zixs-ice-stark,Zixs,Ice Stark,Slim,White,"10,3 mg/prilla · 14 mg/g",88
zixs-melon-freeze-stark-original,Zixs,Melon Freeze Stark Original,Large,White,"12,8 mg/prilla · 16 mg/g",89
zixs-melon-freeze-stark,Zixs,Melon Freeze Stark,Slim,White,"11,8 mg/prilla · 16 mg/g",89
zixs-melon-rush-original,Zixs,Melon Rush Original,Large,White,"6,4 mg/prilla · 8 mg/g",90
zixs-melon-rush-slim,Zixs,Melon Rush Slim,Slim,White,"5,9 mg/prilla · 8 mg/g",90
zixs-north-ice-66-stark-original,Zixs,North Ice -66 Stark Original,Large,White,"12,8 mg/prilla · 16 mg/g",91
zixs-north-ice-66-stark,Zixs,North Ice -66 Stark,Slim,White,"11,8 mg/prilla · 16 mg/g",91
zixs-salmiak-original,Zixs,Salmiak Original,Large,White,"6,4 mg/prilla · 8 mg/g",92
zixs-salmiak-slim,Zixs,Salmiak Slim,Slim,White,"5,9 mg/prilla · 8 mg/g",92
zone-no-25-berry-blast-5,Zone,No. 25 Berry Blast 5,Slim,White,"11 mg/prilla · 15,6 mg/g",93
zone-no23-berry-blast-strong,Zone,No23 Berry Blast Strong,Slim,White,"10 mg/prilla · 14,1 mg/g",93
zone-no-33-juicy-peach-3-co,Zone,No. 33 Juicy Peach 3 CO,Slim,White,10 mg/prilla,94
zone-no-33-juicy-peach-3,Zone,No. 33 Juicy Peach 3,Slim,White,"10 mg/prilla · 14,2 mg/g",94
zyn-citrus-slim-3,Zyn,Citrus Slim 3,Slim,White,"8,9 mg/prilla · 13 mg/g",95
zyn-citrus-slim-4,Zyn,Citrus Slim 4,Slim,White,"10,6 mg/prilla · 15,5 mg/g",95
zyn-cool-frost-slim-4,Zyn,Cool Frost Slim 4,Slim,White,"10,8 mg/prilla · 15,8 mg/g",96
zyn-dark-frost-slim-4,Zyn,Dark Frost Slim 4,Slim,White,"11 mg/prilla · 15,7 mg/g",96
zyn-cool-mint-slim-2,Zyn,Cool Mint Slim 2,Slim,White,"6 mg/prilla · 8,8 mg/g",97
zyn-cool-mint-slim-3,Zyn,Cool Mint Slim 3,Slim,White,"9 mg/prilla · 13,2 mg/g",97
zyn-espressino-mini-dry-4,Zyn,Espressino Mini Dry 4,Mini,White Dry,6 mg/prilla · 15 mg/g,98
zyn-original-mini-4,Zyn,Original Mini 4,Mini,White,6 mg/prilla · 15 mg/g,98
zyn-spearmint-slim-2,Zyn,Spearmint Slim 2,Slim,White,"6 mg/prilla · 8,8 mg/g",99
zyn-spearmint-slim-3,Zyn,Spearmint Slim 3,Slim,White,"9 mg/prilla · 13,2 mg/g",99
zyn-violet-licorice-slim-2,Zyn,Violet Licorice Slim 2,Slim,White,"6 mg/prilla · 8,8 mg/g",100
zyn-violet-licorice-slim-3,Zyn,Violet Licorice Slim 3,Slim,White,"9 mg/prilla · 13,2 mg/g",100
