id,brand,name,format,style,mg,type,sokstrang
catch-apple-slim-white,Catch,Apple Slim White,Slim,White,"6,8 mg/prilla · 8,5 mg/g",tobak,Catch Apple Slim White
catch-eucalyptus-white-mini,Catch,Eucalyptus White Mini,Mini,White,"3,6 mg/prilla · 8,5 mg/g",tobak,Catch Eucalyptus White Mini
catch-licorice-original-mini,Catch,Licorice Original Mini,Mini,Original,"4,2 mg/prilla · 8 mg/g",tobak,Catch Licorice Original Mini
catch-licorice-white-mini,Catch,Licorice White Mini,Mini,White,"3,6 mg/prilla · 8,5 mg/g",tobak,Catch Licorice White Mini
catch-passion-white-mini,Catch,Passion White Mini,Mini,White,"3,6 mg/prilla · 8,5 mg/g",tobak,Catch Passion White Mini
catch-peach-slim-white-strong,Catch,Peach Slim White Strong,Slim,White,"10,8 mg/prilla · 13,5 mg/g",tobak,Catch Peach Slim White Strong
catch-peppermint-slim-white,Catch,Peppermint Slim White,Slim,White,"7,2 mg/prilla · 9 mg/g",tobak,Catch Peppermint Slim White
catch-spearmint-white-mini,Catch,Spearmint White Mini,Mini,White,4 mg/prilla · 8 mg/g,tobak,Catch Spearmint White Mini
ettan-portion,Ettan,Portion,Large,Original,8 mg/prilla · 8 mg/g,tobak,Ettan Portion
ettan-white-portion,Ettan,White Portion,Large,White,"7,7 mg/prilla · 8,6 mg/g",tobak,Ettan White Portion
g-3-g3-blue-mint-extra-stark,G.3,G3 Blue Mint Extra Stark,Slim,Original,18 mg/prilla · 26 mg/g,tobak,G.3 G3 Blue Mint Extra Stark
g-3-g3-blue-mint-stark-superslim,G.3,G3 Blue Mint Stark Superslim,Superslim,Original,"9,6 mg/prilla · 18 mg/g",tobak,G.3 G3 Blue Mint Stark Superslim
g-3-g3-extra-strong-slim,G.3,G3 Extra Strong Slim,Slim,Original,18 mg/prilla · 20 mg/g,tobak,G.3 G3 Extra Strong Slim
g-3-g3-extra-strong-slim-white,G.3,G3 Extra Strong Slim White,Slim,White,"16,2 mg/prilla · 18 mg/g",tobak,G.3 G3 Extra Strong Slim White
g-3-g3-load-super-strong-slim-white-dry,G.3,G3 LOAD Super Strong Slim White Dry,Slim,White,18 mg/prilla · 26 mg/g,tobak,G.3 G3 LOAD Super Strong Slim White Dry
g-3-g3-original-stark-slim-portionssnus,G.3,G3 Original Stark Slim Portionssnus,Slim,Original,"13,5 mg/prilla · 15 mg/g",tobak,G.3 G3 Original Stark Slim Portionssnus
g-3-g3-pow-super-strong-slim-white-dry,G.3,G3 POW Super Strong Slim White Dry,Slim,White,18 mg/prilla · 26 mg/g,tobak,G.3 G3 POW Super Strong Slim White Dry
g-3-g3-strong-superslim-white,G.3,G3 Strong Superslim White,Superslim,White,"9,6 mg/prilla · 18 mg/g",tobak,G.3 G3 Strong Superslim White
g-3-g3-t-n-t-extra-stark-slim-white-portionssnus,G.3,G3 T.N.T Extra Stark Slim White Portionssnus,Slim,White,18 mg/prilla · 26 mg/g,tobak,G.3 G3 T.N.T Extra Stark Slim White Portionssnus
g-3-g3-wire-super-strong-slim-white-dry,G.3,G3 WIRE Super Strong Slim White Dry,Slim,White,18 mg/prilla · 26 mg/g,tobak,G.3 G3 WIRE Super Strong Slim White Dry
g-3-rize-blackcurrant,G.3,RIZE Blackcurrant,Slim,Original,"8,3 mg/prilla · 12 mg/g",tobak,G.3 RIZE Blackcurrant
g-3-wink-mint-superslim-strong-white,G.3,Wink Mint Superslim Strong White,Superslim,White,"9,6 mg/prilla · 18 mg/g",tobak,G.3 Wink Mint Superslim Strong White
general-extra-stark-portion,General,Extra Stark Portion,Large,Original,"15,4 mg/prilla · 14 mg/g",tobak,General Extra Stark Portion
general-mini,General,Mini,Mini,Original,"4,2 mg/prilla · 8 mg/g",tobak,General Mini
general-mini-white,General,Mini White,Mini,White,4 mg/prilla · 8 mg/g,tobak,General Mini White
general-one-svart-stark-portion,General,One Svart Stark Portion,Large,Original,"11,7 mg/prilla · 13 mg/g",tobak,General One Svart Stark Portion
general-one-white-portion,General,One White Portion,Large,White,13 mg/prilla · 13 mg/g,tobak,General One White Portion
general-original-portion,General,Original Portion,Large,Original,"8,5 mg/prilla · 8,5 mg/g",tobak,General Original Portion
general-original-portion-strong,General,Original Portion Strong,Large,Original,14 mg/prilla · 14 mg/g,tobak,General Original Portion Strong
general-slim-white,General,Slim White,Slim,White,"6,8 mg/prilla · 8,5 mg/g",tobak,General Slim White
general-slim-white-portion-strong,General,Slim White Portion Strong,Slim,White,"10,8 mg/prilla · 13,5 mg/g",tobak,General Slim White Portion Strong
general-voyage-brooklyn-white-portion,General,Voyage Brooklyn White Portion,Large,White,"7,7 mg/prilla · 8,5 mg/g",tobak,General Voyage Brooklyn White Portion
general-voyage-cape-town-white-portion-strong,General,Voyage Cape Town White Portion Strong,Large,White,"12,2 mg/prilla · 13,5 mg/g",tobak,General Voyage Cape Town White Portion Strong
general-voyage-sicily-white-portion,General,Voyage Sicily White Portion,Large,White,"7,7 mg/prilla · 8,5 mg/g",tobak,General Voyage Sicily White Portion
general-white-portion,General,White Portion,Large,White,"7,2 mg/prilla · 8 mg/g",tobak,General White Portion
general-white-portion-strong,General,White Portion Strong,Large,White,"10,8 mg/prilla · 12 mg/g",tobak,General White Portion Strong
granit-original-portion,Granit,Original Portion,Large,Original,"7,7 mg/prilla · 9 mg/g",tobak,Granit Original Portion
granit-original-white-portion,Granit,Original White Portion,Large,White,8 mg/prilla · 10 mg/g,tobak,Granit Original White Portion
granit-stark-white-portion,Granit,Stark White Portion,Large,White,"12,8 mg/prilla · 16 mg/g",tobak,Granit Stark White Portion
grov-extra-stark-portion,Grov,Extra Stark Portion,Large,Original,15 mg/prilla · 15 mg/g,tobak,Grov Extra Stark Portion
grov-portion,Grov,Portion,Large,Original,"8,5 mg/prilla · 8,5 mg/g",tobak,Grov Portion
grov-white-portion,Grov,White Portion,Large,White,"7,2 mg/prilla · 8 mg/g",tobak,Grov White Portion
goteborgs-rape-andra-langgatan-ltd,Göteborgs Rapé,Andra Långgatan LTD,Large,White,"8,1 mg/prilla · 9 mg/g",tobak,Göteborgs Rapé Andra Långgatan LTD
goteborgs-rape-granskott-one,Göteborgs Rapé,Granskott One,Large,White,13 mg/prilla · 13 mg/g,tobak,Göteborgs Rapé Granskott One
goteborgs-rape-gullbergs-kaj-white-portion,Göteborgs Rapé,Gullbergs Kaj White Portion,Large,White,"7,2 mg/prilla · 8 mg/g",tobak,Göteborgs Rapé Gullbergs Kaj White Portion
goteborgs-rape-hjortron-white-portion,Göteborgs Rapé,Hjortron White Portion,Large,White,"7,2 mg/prilla · 8 mg/g",tobak,Göteborgs Rapé Hjortron White Portion
goteborgs-rape-lingon-white-portion,Göteborgs Rapé,Lingon White Portion,Large,White,"7,2 mg/prilla · 8 mg/g",tobak,Göteborgs Rapé Lingon White Portion
goteborgs-rape-ltd-botaniska,Göteborgs Rapé,LTD Botaniska,Large,White,"7,2 mg/prilla · 8 mg/g",tobak,Göteborgs Rapé LTD Botaniska
goteborgs-rape-masthugget-vit-portion,Göteborgs Rapé,Masthugget Vit Portion,Large,White,"7,2 mg/prilla · 8 mg/g",tobak,Göteborgs Rapé Masthugget Vit Portion
goteborgs-rape-mini-white-portion,Göteborgs Rapé,Mini White Portion,Mini,White,4 mg/prilla · 8 mg/g,tobak,Göteborgs Rapé Mini White Portion
goteborgs-rape-one-vit-portion,Göteborgs Rapé,One Vit Portion,Large,White,13 mg/prilla · 13 mg/g,tobak,Göteborgs Rapé One Vit Portion
goteborgs-rape-portion,Göteborgs Rapé,Portion,Large,Original,10 mg/prilla · 10 mg/g,tobak,Göteborgs Rapé Portion
goteborgs-rape-slim-white,Göteborgs Rapé,Slim White,Slim,White,"6,8 mg/prilla · 8,5 mg/g",tobak,Göteborgs Rapé Slim White
goteborgs-rape-slim-white-portion-stark,Göteborgs Rapé,Slim White Portion Stark,Slim,White,"10,8 mg/prilla · 13,5 mg/g",tobak,Göteborgs Rapé Slim White Portion Stark
goteborgs-rape-stark-vit-portion,Göteborgs Rapé,Stark Vit Portion,Large,White,"10,8 mg/prilla · 12 mg/g",tobak,Göteborgs Rapé Stark Vit Portion
goteborgs-rape-vilda-bar-one,Göteborgs Rapé,Vilda Bär One,Large,White,13 mg/prilla · 13 mg/g,tobak,Göteborgs Rapé Vilda Bär One
goteborgs-rape-white-portion,Göteborgs Rapé,White Portion,Large,White,"7,2 mg/prilla · 8 mg/g",tobak,Göteborgs Rapé White Portion
kaliber-original-portion,Kaliber,Original Portion,Large,Original,"7,7 mg/prilla · 8,5 mg/g",tobak,Kaliber Original Portion
kaliber-plus-portion,Kaliber,Plus Portion,Large,Original,"9,9 mg/prilla · 11 mg/g",tobak,Kaliber Plus Portion
kaliber-plus-stark-white-portion,Kaliber,Plus Stark White Portion,Large,White,"11,7 mg/prilla · 13 mg/g",tobak,Kaliber Plus Stark White Portion
kaliber-salmiak-vit-portion,Kaliber,Salmiak Vit Portion,Large,White,"6,4 mg/prilla · 8 mg/g",tobak,Kaliber Salmiak Vit Portion
kaliber-white-portion,Kaliber,White Portion,Large,White,"6,4 mg/prilla · 8 mg/g",tobak,Kaliber White Portion
kapten-lakrits-vit-portion,Kapten,Lakrits Vit Portion,Large,White,"11,3 mg/prilla · 12,5 mg/g",tobak,Kapten Lakrits Vit Portion
kapten-mini-lakrits-vit-portion,Kapten,Mini Lakrits Vit Portion,Mini,White,"6,1 mg/prilla · 12,1 mg/g",tobak,Kapten Mini Lakrits Vit Portion
kapten-mini-vit-portion,Kapten,Mini Vit Portion,Mini,White,"6,1 mg/prilla · 12,1 mg/g",tobak,Kapten Mini Vit Portion
kapten-mint-vit-portion,Kapten,Mint Vit Portion,Large,White,"11,3 mg/prilla · 12,5 mg/g",tobak,Kapten Mint Vit Portion
kapten-mint-x-stark-vit-portion,Kapten,Mint X-Stark Vit Portion,Large,White,"16,7 mg/prilla · 18,6 mg/g",tobak,Kapten Mint X-Stark Vit Portion
kapten-original-portion,Kapten,Original Portion,Large,Original,"10,2 mg/prilla · 11,3 mg/g",tobak,Kapten Original Portion
kapten-original-stark-portion,Kapten,Original Stark Portion,Large,Original,"12,1 mg/prilla · 13,4 mg/g",tobak,Kapten Original Stark Portion
kapten-salmiak-x-stark-vit-portion,Kapten,Salmiak X-Stark Vit Portion,Large,White,"16,7 mg/prilla · 18,6 mg/g",tobak,Kapten Salmiak X-Stark Vit Portion
kapten-vit-portion,Kapten,Vit Portion,Large,White,"11,3 mg/prilla · 12,5 mg/g",tobak,Kapten Vit Portion
kapten-vit-stark-portion,Kapten,Vit Stark Portion,Large,White,"13,1 mg/prilla · 14,6 mg/g",tobak,Kapten Vit Stark Portion
kapten-vit-x-stark-portion,Kapten,Vit X-Stark Portion,Large,White,"16,7 mg/prilla · 18,6 mg/g",tobak,Kapten Vit X-Stark Portion
knox-extra-stark-portion,Knox,Extra Stark Portion,Large,Original,"17,1 mg/prilla · 19 mg/g",tobak,Knox Extra Stark Portion
knox-extra-stark-white-portion,Knox,Extra Stark White Portion,Large,White,"15,2 mg/prilla · 19 mg/g",tobak,Knox Extra Stark White Portion
knox-karaktar-blue-stark-white-portion,Knox,Karaktär Blue Stark White Portion,Large,White,"12,2 mg/prilla · 14 mg/g",tobak,Knox Karaktär Blue Stark White Portion
knox-karaktar-blue-white-portion,Knox,Karaktär Blue White Portion,Large,White,"10,5 mg/prilla · 12 mg/g",tobak,Knox Karaktär Blue White Portion
knox-karaktar-green-white-portion,Knox,Karaktär Green White Portion,Large,White,"10,5 mg/prilla · 12 mg/g",tobak,Knox Karaktär Green White Portion
knox-karaktar-purple-white-portion,Knox,Karaktär Purple White Portion,Large,White,"10,5 mg/prilla · 12 mg/g",tobak,Knox Karaktär Purple White Portion
knox-karaktar-red-white-portion,Knox,Karaktär Red White Portion,Large,White,"10,5 mg/prilla · 12 mg/g",tobak,Knox Karaktär Red White Portion
knox-karaktar-yellow-white-portion,Knox,Karaktär Yellow White Portion,Large,White,"10,4 mg/prilla · 13 mg/g",tobak,Knox Karaktär Yellow White Portion
knox-portion,Knox,Portion,Large,Original,"7,2 mg/prilla · 8 mg/g",tobak,Knox Portion
knox-stark-portion,Knox,Stark Portion,Large,Original,"14,4 mg/prilla · 16 mg/g",tobak,Knox Stark Portion
knox-stark-white-portion,Knox,Stark White Portion,Large,White,"12,8 mg/prilla · 16 mg/g",tobak,Knox Stark White Portion
knox-white-portion,Knox,White Portion,Large,White,"10,4 mg/prilla · 13 mg/g",tobak,Knox White Portion
kronan-portion,Kronan,Portion,Large,Original,"8,3 mg/prilla · 8,5 mg/g",tobak,Kronan Portion
kronan-stark-portion,Kronan,Stark Portion,Large,Original,"14,7 mg/prilla · 15 mg/g",tobak,Kronan Stark Portion
kronan-stark-vit-portion,Kronan,Stark Vit Portion,Large,White,"10,5 mg/prilla · 12 mg/g",tobak,Kronan Stark Vit Portion
kronan-vit-portion,Kronan,Vit Portion,Large,White,"7,9 mg/prilla · 9 mg/g",tobak,Kronan Vit Portion
kurbits-morgondagg-white-portion,Kurbits,Morgondagg White Portion,Large,White,"14,4 mg/prilla · 16 mg/g",tobak,Kurbits Morgondagg White Portion
ld-30-original-portionssnus,LD,30 Original Portionssnus,Large,Original,9 mg/prilla · 10 mg/g,tobak,LD 30 Original Portionssnus
ld-30-white-portion,LD,30 White Portion,Large,White,8 mg/prilla · 10 mg/g,tobak,LD 30 White Portion
ld-original-portionssnus,LD,Original Portionssnus,Large,Original,9 mg/prilla · 10 mg/g,tobak,LD Original Portionssnus
ld-original-stark-portionssnus,LD,Original Stark Portionssnus,Large,Original,"12,6 mg/prilla · 14 mg/g",tobak,LD Original Stark Portionssnus
ld-salmiak-portionssnus,LD,Salmiak Portionssnus,Large,Original,9 mg/prilla · 10 mg/g,tobak,LD Salmiak Portionssnus
ld-salmiak-stark-portionssnus,LD,Salmiak Stark Portionssnus,Large,Original,"12,6 mg/prilla · 14 mg/g",tobak,LD Salmiak Stark Portionssnus
ld-salmiak-white-portion,LD,Salmiak White Portion,Large,White,8 mg/prilla · 10 mg/g,tobak,LD Salmiak White Portion
ld-signum-bergamott-vit-stark-portionssnus,LD,Signum Bergamott Vit Stark Portionssnus,Large,White,"12,6 mg/prilla · 14 mg/g",tobak,LD Signum Bergamott Vit Stark Portionssnus
ld-signum-matcha-vit,LD,Signum Matcha Vit,Large,Original,8 mg/prilla · 10 mg/g,tobak,LD Signum Matcha Vit
ld-signum-ume,LD,Signum Ume,Large,White,8 mg/prilla · 10 mg/g,tobak,LD Signum Ume
ld-signum-vit,LD,Signum Vit,Large,Original,9 mg/prilla · 10 mg/g,tobak,LD Signum Vit
ld-stark-white-portion,LD,Stark White Portion,Large,White,"11,2 mg/prilla · 14 mg/g",tobak,LD Stark White Portion
ld-whiskey-portionssnus,LD,Whiskey Portionssnus,Large,Original,9 mg/prilla · 10 mg/g,tobak,LD Whiskey Portionssnus
ld-white-portion,LD,White Portion,Large,White,8 mg/prilla · 10 mg/g,tobak,LD White Portion
lundgrens-aftonglod,Lundgrens,Aftonglöd,Large,White,8 mg/prilla · 10 mg/g,tobak,Lundgrens Aftonglöd
lundgrens-aftonglod-original-portion,Lundgrens,Aftonglöd Original Portion,Large,Original,"8 mg/prilla · 9,4 mg/g",tobak,Lundgrens Aftonglöd Original Portion
lundgrens-aftonglod-stark,Lundgrens,Aftonglöd Stark,Large,White,"12,8 mg/prilla · 16 mg/g",tobak,Lundgrens Aftonglöd Stark
lundgrens-becksvart,Lundgrens,Becksvart,Large,White,8 mg/prilla · 10 mg/g,tobak,Lundgrens Becksvart
lundgrens-fjallen-white-portion,Lundgrens,Fjällen White Portion,Large,White,8 mg/prilla · 10 mg/g,tobak,Lundgrens Fjällen White Portion
lundgrens-glasrike-limited-edition-2025,Lundgrens,Glasrike Limited Edition 2025,Large,White,8 mg/prilla · 10 mg/g,tobak,Lundgrens Glasrike Limited Edition 2025
lundgrens-lagereld-white-portion,Lundgrens,Lägereld White Portion,Large,White,8 mg/prilla · 10 mg/g,tobak,Lundgrens Lägereld White Portion
lundgrens-norrland-stark-white-portion,Lundgrens,Norrland Stark White Portion,Large,White,"15,1 mg/prilla · 17,3 mg/g",tobak,Lundgrens Norrland Stark White Portion
lundgrens-norrland-white-portion,Lundgrens,Norrland White Portion,Large,White,"7,3 mg/prilla · 10 mg/g",tobak,Lundgrens Norrland White Portion
lundgrens-original-portion,Lundgrens,Original Portion,Large,Original,"7,7 mg/prilla · 9 mg/g",tobak,Lundgrens Original Portion
lundgrens-skargarden-white-portion,Lundgrens,Skärgården White Portion,Large,White,8 mg/prilla · 10 mg/g,tobak,Lundgrens Skärgården White Portion
lundgrens-skane-slim-white-portion,Lundgrens,Skåne Slim White Portion,Slim,White,7 mg/prilla · 10 mg/g,tobak,Lundgrens Skåne Slim White Portion
lundgrens-skane-stark-vit,Lundgrens,Skåne Stark Vit,Large,White,"15,1 mg/prilla · 17,3 mg/g",tobak,Lundgrens Skåne Stark Vit
lundgrens-skane-white-portion,Lundgrens,Skåne White Portion,Large,White,8 mg/prilla · 10 mg/g,tobak,Lundgrens Skåne White Portion
lundgrens-vit-portion,Lundgrens,Vit Portion,Large,White,8 mg/prilla · 10 mg/g,tobak,Lundgrens Vit Portion
lundgrens-vit-portion-stark,Lundgrens,Vit Portion Stark,Large,White,"12,6 mg/prilla · 16 mg/g",tobak,Lundgrens Vit Portion Stark
lundgrens-vastkusten-white-portion,Lundgrens,Västkusten White Portion,Large,White,8 mg/prilla · 10 mg/g,tobak,Lundgrens Västkusten White Portion
nick-johnny-americana-extra-strong-portion,Nick & Johnny,Americana Extra Strong Portion,Large,Original,"16,5 mg/prilla · 15 mg/g",tobak,Nick & Johnny Americana Extra Strong Portion
nick-johnny-crushed-ice-extra-strong-portion,Nick & Johnny,Crushed Ice Extra Strong Portion,Large,Original,"16,5 mg/prilla · 15 mg/g",tobak,Nick & Johnny Crushed Ice Extra Strong Portion
nick-johnny-crushed-ice-extra-strong-white,Nick & Johnny,Crushed Ice Extra Strong White,Large,White,12 mg/prilla · 12 mg/g,tobak,Nick & Johnny Crushed Ice Extra Strong White
nick-johnny-green-ice-stark-slim-white,Nick & Johnny,Green Ice Stark Slim White,Slim,White,"11,2 mg/prilla · 14 mg/g",tobak,Nick & Johnny Green Ice Stark Slim White
nick-johnny-red-hot-portion-extra-strong,Nick & Johnny,Red Hot Portion Extra Strong,Large,Original,"16,5 mg/prilla · 15 mg/g",tobak,Nick & Johnny Red Hot Portion Extra Strong
offroad-x-white-dry-portion,Offroad,X White Dry Portion,Large,White,"18,2 mg/prilla · 26 mg/g",tobak,Offroad X White Dry Portion
skruf-fresh-no-15-power-mint,Skruf,Fresh No.15 Power Mint,Slim,Original,"15,9 mg/prilla · 23 mg/g",tobak,Skruf Fresh No.15 Power Mint
skruf-no-02-fresh-slim-white-portion,Skruf,No. 02 Fresh Slim White Portion,Slim,White,"9,7 mg/prilla · 14 mg/g",tobak,Skruf No. 02 Fresh Slim White Portion
skruf-no-04-fresh-stark-slim-white-portion,Skruf,No. 04 Fresh Stark Slim White Portion,Slim,White,"14,5 mg/prilla · 21 mg/g",tobak,Skruf No. 04 Fresh Stark Slim White Portion
skruf-no-05-fresh-extra-stark-slim-white-portion,Skruf,No. 05 Fresh Extra Stark Slim White Portion,Slim,White,"16,6 mg/prilla · 24 mg/g",tobak,Skruf No. 05 Fresh Extra Stark Slim White Portion
skruf-no-08-nordic-liquorice-slim-white-portion,Skruf,No. 08 Nordic Liquorice Slim White Portion,Slim,White,"9,7 mg/prilla · 14 mg/g",tobak,Skruf No. 08 Nordic Liquorice Slim White Portion
skruf-no-10-fresh-superslim-white-portion,Skruf,No. 10 Fresh Superslim White Portion,Superslim,White,"4,4 mg/prilla · 8 mg/g",tobak,Skruf No. 10 Fresh Superslim White Portion
skruf-no-19-tranbar-white-portion,Skruf,No. 19 Tranbär White Portion,Large,White,"10,8 mg/prilla · 12 mg/g",tobak,Skruf No. 19 Tranbär White Portion
skruf-no-22-original-white-portion,Skruf,No. 22 Original White Portion,Large,White,"10,8 mg/prilla · 12 mg/g",tobak,Skruf No. 22 Original White Portion
skruf-no-23-stark-white-portion,Skruf,No. 23 Stark White Portion,Large,White,"12,6 mg/prilla · 14 mg/g",tobak,Skruf No. 23 Stark White Portion
skruf-no-24-extra-stark-white-portion,Skruf,No. 24 Extra Stark White Portion,Large,White,"15,3 mg/prilla · 17 mg/g",tobak,Skruf No. 24 Extra Stark White Portion
skruf-no-25-original-slim-white-portion,Skruf,No. 25 Original Slim White Portion,Slim,White,"10,4 mg/prilla · 15 mg/g",tobak,Skruf No. 25 Original Slim White Portion
skruf-no-26-original-stark-slim-white-portion,Skruf,No. 26 Original Stark Slim White Portion,Slim,White,"11,8 mg/prilla · 17 mg/g",tobak,Skruf No. 26 Original Stark Slim White Portion
skruf-no-27-original-portion,Skruf,No. 27 Original Portion,Large,Original,"11,7 mg/prilla · 13 mg/g",tobak,Skruf No. 27 Original Portion
skruf-no-28-stark-portion,Skruf,No. 28 Stark Portion,Large,Original,"14,4 mg/prilla · 16 mg/g",tobak,Skruf No. 28 Stark Portion
skruf-no-29-extra-stark-portion,Skruf,No. 29 Extra Stark Portion,Large,Original,"17,1 mg/prilla · 19 mg/g",tobak,Skruf No. 29 Extra Stark Portion
smalands-brukssnus-portion,Smålands Brukssnus,Portion,Large,Original,"9,9 mg/prilla · 13 mg/g",tobak,Smålands Brukssnus Portion
smalands-brukssnus-white-portion,Smålands Brukssnus,White Portion,Large,White,"8,4 mg/prilla · 14 mg/g",tobak,Smålands Brukssnus White Portion
soldat-extreme-extra-stark-white-portion,Soldat,Extreme Extra Stark White Portion,Large,White,"27,2 mg/prilla · 34 mg/g",tobak,Soldat Extreme Extra Stark White Portion
soldat-stark-original-white-portion,Soldat,Stark Original White Portion,Large,White,"11,2 mg/prilla · 14 mg/g",tobak,Soldat Stark Original White Portion
soldat-vinter-extra-stark-white-portion,Soldat,Vinter Extra Stark White Portion,Large,White,"14,4 mg/prilla · 16 mg/g",tobak,Soldat Vinter Extra Stark White Portion
the-lab-02-strong-original-slim,The Lab,02 Strong Original Slim,Slim,Original,"13,5 mg/prilla · 15 mg/g",tobak,The Lab 02 Strong Original Slim
the-lab-05-strong-white-slim,The Lab,05 Strong White Slim,Slim,White,"12,6 mg/prilla · 14 mg/g",tobak,The Lab 05 Strong White Slim
the-lab-06-extra-strong-original-slim,The Lab,06 Extra Strong Original Slim,Slim,Original,18 mg/prilla · 20 mg/g,tobak,The Lab 06 Extra Strong Original Slim
the-lab-07-extra-strong-white-slim,The Lab,07 Extra Strong White Slim,Slim,White,"16,2 mg/prilla · 18 mg/g",tobak,The Lab 07 Extra Strong White Slim
the-lab-12-slim-white-portion,The Lab,12 Slim White Portion,Slim,White,"8 mg/prilla · 11,5 mg/g",tobak,The Lab 12 Slim White Portion
tre-ankare-white-portion,Tre Ankare,White Portion,Large,White,"7,2 mg/prilla · 8 mg/g",tobak,Tre Ankare White Portion
vargarda-bar-stark,Vårgårda,Bär Stark,Large,White,14 mg/prilla · 14 mg/g,tobak,Vårgårda Bär Stark
vargarda-bar-white-portion,Vårgårda,Bär White Portion,Large,White,10 mg/prilla · 10 mg/g,tobak,Vårgårda Bär White Portion
vargarda-barstig,Vårgårda,Bärstig,Large,White,10 mg/prilla · 10 mg/g,tobak,Vårgårda Bärstig
vargarda-gryning,Vårgårda,Gryning,Large,White,10 mg/prilla · 10 mg/g,tobak,Vårgårda Gryning
vargarda-gryning-limited-edition,Vårgårda,Gryning Limited Edition,Large,White,10 mg/prilla · 10 mg/g,tobak,Vårgårda Gryning Limited Edition
vargarda-rustik,Vårgårda,Rustik,Large,White,"7,2 mg/prilla",tobak,Vårgårda Rustik
vargarda-skog-original-portion,Vårgårda,Skog Original Portion,Large,Original,10 mg/prilla · 10 mg/g,tobak,Vårgårda Skog Original Portion
vargarda-skog-slim,Vårgårda,Skog Slim,Slim,White,7 mg/prilla · 10 mg/g,tobak,Vårgårda Skog Slim
vargarda-skog-stark,Vårgårda,Skog Stark,Large,White,14 mg/prilla · 14 mg/g,tobak,Vårgårda Skog Stark
vargarda-skog-white-portion,Vårgårda,Skog White Portion,Large,White,10 mg/prilla · 10 mg/g,tobak,Vårgårda Skog White Portion
vargarda-snuskollektion-2025,Vårgårda,Snuskollektion 2025,Large,White,10 mg/prilla · 10 mg/g,tobak,Vårgårda Snuskollektion 2025
77-nicotine-pouches-77-apple-mint,77 Nicotine Pouches,77 Apple & Mint,Slim,White,"10,4 mg/prilla · 16 mg/g",vit,77 Nicotine Pouches 77 Apple & Mint
77-nicotine-pouches-77-black-currant,77 Nicotine Pouches,77 Black Currant,Slim,White,"10,4 mg/prilla · 16 mg/g",vit,77 Nicotine Pouches 77 Black Currant
77-nicotine-pouches-77-bubbly-fizz,77 Nicotine Pouches,77 Bubbly Fizz,Slim,White,"10,4 mg/prilla · 16 mg/g",vit,77 Nicotine Pouches 77 Bubbly Fizz
77-nicotine-pouches-77-classic-tobacco,77 Nicotine Pouches,77 Classic Tobacco,Slim,White,"10,4 mg/prilla · 16 mg/g",vit,77 Nicotine Pouches 77 Classic Tobacco
77-nicotine-pouches-77-cola-cherry,77 Nicotine Pouches,77 Cola & Cherry,Slim,White,"10,4 mg/prilla · 16 mg/g",vit,77 Nicotine Pouches 77 Cola & Cherry
77-nicotine-pouches-77-cola-vanilla,77 Nicotine Pouches,77 Cola & Vanilla,Slim,White,"10,4 mg/prilla · 16 mg/g",vit,77 Nicotine Pouches 77 Cola & Vanilla
77-nicotine-pouches-77-cola-ice,77 Nicotine Pouches,77 Cola Ice,Slim,White,"10,4 mg/prilla · 16 mg/g",vit,77 Nicotine Pouches 77 Cola Ice
77-nicotine-pouches-77-forest-fruits,77 Nicotine Pouches,77 Forest Fruits,Slim,White,"10,4 mg/prilla · 16 mg/g",vit,77 Nicotine Pouches 77 Forest Fruits
77-nicotine-pouches-77-freeze-mint,77 Nicotine Pouches,77 Freeze Mint,Slim,White,"10,4 mg/prilla · 16 mg/g",vit,77 Nicotine Pouches 77 Freeze Mint
77-nicotine-pouches-77-fresh-mint,77 Nicotine Pouches,77 Fresh Mint,Slim,White,"10,4 mg/prilla · 16 mg/g",vit,77 Nicotine Pouches 77 Fresh Mint
77-nicotine-pouches-77-ghost-mini-cola-ice-5,77 Nicotine Pouches,77 Ghost Mini Cola Ice 5,Mini,White,20 mg/prilla · 40 mg/g,vit,77 Nicotine Pouches 77 Ghost Mini Cola Ice 5
77-nicotine-pouches-77-ghost-mini-original-5,77 Nicotine Pouches,77 Ghost Mini Original 5,Mini,White,20 mg/prilla · 40 mg/g,vit,77 Nicotine Pouches 77 Ghost Mini Original 5
77-nicotine-pouches-77-ice-mint,77 Nicotine Pouches,77 Ice Mint,Slim,White,"10,4 mg/prilla · 16 mg/g",vit,77 Nicotine Pouches 77 Ice Mint
77-nicotine-pouches-77-peach-mint,77 Nicotine Pouches,77 Peach & Mint,Slim,White,"10,4 mg/prilla · 16 mg/g",vit,77 Nicotine Pouches 77 Peach & Mint
77-nicotine-pouches-77-peppermint,77 Nicotine Pouches,77 Peppermint,Slim,White,"10,4 mg/prilla · 16 mg/g",vit,77 Nicotine Pouches 77 Peppermint
77-nicotine-pouches-77-raspberry,77 Nicotine Pouches,77 Raspberry,Slim,White,"10,4 mg/prilla · 16 mg/g",vit,77 Nicotine Pouches 77 Raspberry
77-nicotine-pouches-77-raspberry-vanilla,77 Nicotine Pouches,77 Raspberry Vanilla,Slim,White,"10,4 mg/prilla · 16 mg/g",vit,77 Nicotine Pouches 77 Raspberry Vanilla
77-nicotine-pouches-77-salted-caramel,77 Nicotine Pouches,77 Salted Caramel,Slim,White,"10,4 mg/prilla · 16 mg/g",vit,77 Nicotine Pouches 77 Salted Caramel
77-nicotine-pouches-77-sour-bliss,77 Nicotine Pouches,77 Sour Bliss,Slim,White,"10,4 mg/prilla · 16 mg/g",vit,77 Nicotine Pouches 77 Sour Bliss
77-nicotine-pouches-77-strawberry,77 Nicotine Pouches,77 Strawberry,Slim,White,"10,4 mg/prilla · 16 mg/g",vit,77 Nicotine Pouches 77 Strawberry
77-nicotine-pouches-77-tropical-mint,77 Nicotine Pouches,77 Tropical Mint,Slim,White,"10,4 mg/prilla · 16 mg/g",vit,77 Nicotine Pouches 77 Tropical Mint
77-nicotine-pouches-77-vb-edition-arctic-berry,77 Nicotine Pouches,77 VB Edition Arctic Berry,Slim,White,"10,4 mg/prilla · 16 mg/g",vit,77 Nicotine Pouches 77 VB Edition Arctic Berry
77-nicotine-pouches-77-vb-edition-liquorice-citrus,77 Nicotine Pouches,77 VB Edition Liquorice & Citrus,Slim,White,"10,4 mg/prilla · 16 mg/g",vit,77 Nicotine Pouches 77 VB Edition Liquorice & Citrus
77-nicotine-pouches-77-vb-edition-spearmint,77 Nicotine Pouches,77 VB Edition Spearmint,Slim,White,"10,4 mg/prilla · 16 mg/g",vit,77 Nicotine Pouches 77 VB Edition Spearmint
77-nicotine-pouches-77-watermelon-ice,77 Nicotine Pouches,77 Watermelon Ice,Slim,White,"10,4 mg/prilla · 16 mg/g",vit,77 Nicotine Pouches 77 Watermelon Ice
ace-cool-mint,Ace,Cool Mint,Slim,White,"10,4 mg/prilla · 16 mg/g",vit,Ace Cool Mint
ace-cool-mint-low,Ace,Cool Mint Low,Slim,White,"3,9 mg/prilla · 6 mg/g",vit,Ace Cool Mint Low
ace-eucalyptus,Ace,Eucalyptus,Slim,White,"10,4 mg/prilla · 16 mg/g",vit,Ace Eucalyptus
ace-spearmint,Ace,Spearmint,Slim,White,6 mg/prilla · 12 mg/g,vit,Ace Spearmint
ace-x-black-raspberry-chili,Ace X,Black Raspberry Chili,Slim,White,8 mg/prilla · 16 mg/g,vit,Ace X Black Raspberry Chili
ace-x-cool-mint,Ace X,Cool Mint,Slim,White,8 mg/prilla · 16 mg/g,vit,Ace X Cool Mint
ace-x-cosmic-cool-mint-stark-original,Ace X,Cosmic Cool Mint Stark Original,Large,White,"11,6 mg/prilla · 16 mg/g",vit,Ace X Cosmic Cool Mint Stark Original
ace-x-guarana-chili-boost,Ace X,Guarana Chili Boost,Slim,White,8 mg/prilla · 16 mg/g,vit,Ace X Guarana Chili Boost
ace-x-red-apple-cinnamon-strong,Ace X,Red Apple Cinnamon Strong,Slim,White,8 mg/prilla · 16 mg/g,vit,Ace X Red Apple Cinnamon Strong
apres-appletini,Après,Appletini,Slim,White,"4,4 mg/prilla · 8 mg/g",vit,Après Appletini
apres-appletini-stark-slim,Après,Appletini Stark Slim,Slim,White,"8,3 mg/prilla · 15 mg/g",vit,Après Appletini Stark Slim
apres-cactus-lime-extra-strong,Après,Cactus Lime Extra Strong,Slim,White,"8,3 mg/prilla · 15 mg/g",vit,Après Cactus Lime Extra Strong
apres-cactus-lime,Après,Cactus/Lime,Slim,White,"4,4 mg/prilla · 8 mg/g",vit,Après Cactus/Lime
apres-cola-mild-mini,Après,Cola Mild Mini,Mini,White,"3,2 mg/prilla · 8 mg/g",vit,Après Cola Mild Mini
apres-cola-slim,Après,Cola Slim,Slim,White,"4,4 mg/prilla · 8 mg/g",vit,Après Cola Slim
apres-cola-stark-slim,Après,Cola Stark Slim,Slim,White,"8,3 mg/prilla · 15 mg/g",vit,Après Cola Stark Slim
apres-ice-tea-peach-mild-mini,Après,Ice Tea Peach Mild Mini,Mini,White,"3,2 mg/prilla · 8 mg/g",vit,Après Ice Tea Peach Mild Mini
apres-ice-tea-peach-slim,Après,Ice Tea Peach Slim,Slim,White,"4,4 mg/prilla · 8 mg/g",vit,Après Ice Tea Peach Slim
apres-ice-tea-peach-stark-slim,Après,Ice Tea Peach Stark Slim,Slim,White,"8,3 mg/prilla · 15 mg/g",vit,Après Ice Tea Peach Stark Slim
apres-lemon-curd-extra-strong,Après,Lemon Curd Extra Strong,Slim,White,"8,3 mg/prilla · 15 mg/g",vit,Après Lemon Curd Extra Strong
apres-lemon-curd-slim,Après,Lemon Curd Slim,Slim,White,"4,4 mg/prilla · 8 mg/g",vit,Après Lemon Curd Slim
apres-menthol-mild-mini,Après,Menthol Mild Mini,Mini,White,"3,2 mg/prilla · 8 mg/g",vit,Après Menthol Mild Mini
apres-menthol-stark-slim,Après,Menthol Stark Slim,Slim,White,"8,3 mg/prilla · 15 mg/g",vit,Après Menthol Stark Slim
apres-mint-slim,Après,Mint Slim,Slim,White,"4,4 mg/prilla · 8 mg/g",vit,Après Mint Slim
apres-must,Après,Must,Slim,White,"4,4 mg/prilla · 8 mg/g",vit,Après Must
apres-no-1-apres-menthol-hyper-strong,Après,No.1 Après Menthol - Hypèr Strong,Slim,White,11 mg/prilla · 20 mg/g,vit,Après No.1 Après Menthol - Hypèr Strong
apres-no-10-apres-tangerine-spritz-hyper-strong,Après,No.10 Après Tangerine Spritz - Hypèr Strong,Slim,White,11 mg/prilla · 20 mg/g,vit,Après No.10 Après Tangerine Spritz - Hypèr Strong
apres-no-10-apres-tangerine-spritz-mini,Après,No.10 Après Tangerine Spritz - Mini,Mini,White,"3,2 mg/prilla · 8 mg/g",vit,Après No.10 Après Tangerine Spritz - Mini
apres-no-11-apres-bananas-hyper-strong,Après,No.11 Après Bananas Hypèr Strong,Slim,White,11 mg/prilla · 20 mg/g,vit,Après No.11 Après Bananas Hypèr Strong
apres-no-11-apres-bananas-mini,Après,No.11 Après Bananas Mini,Mini,White,"3,2 mg/prilla · 8 mg/g",vit,Après No.11 Après Bananas Mini
apres-no-11-apres-bananas-normal,Après,No.11 Après Bananas Normal,Slim,White,"4,4 mg/prilla · 800 mg/g",vit,Après No.11 Après Bananas Normal
apres-no-12-apres-blueberry-hyper-strong,Après,No.12 Après Blueberry Hypèr Strong,Slim,White,11 mg/prilla · 20 mg/g,vit,Après No.12 Après Blueberry Hypèr Strong
apres-no-12-apres-blueberry-mini,Après,No.12 Après Blueberry Mini,Mini,White,"3,2 mg/prilla · 8 mg/g",vit,Après No.12 Après Blueberry Mini
apres-no-12-apres-blueberry-normal,Après,No.12 Après Blueberry Normal,Slim,White,"4,4 mg/prilla · 8 mg/g",vit,Après No.12 Après Blueberry Normal
apres-no-13-apres-mochaccino-hyper-strong,Après,No.13 Après Mochaccino Hypèr Strong,Slim,White,11 mg/prilla,vit,Après No.13 Après Mochaccino Hypèr Strong
apres-no-13-apres-mochaccino-mini,Après,No.13 Après Mochaccino Mini,Mini,White,"3,2 mg/prilla · 8 mg/g",vit,Après No.13 Après Mochaccino Mini
apres-no-13-apres-mochaccino-normal,Après,No.13 Après Mochaccino Normal,Slim,White,"4,4 mg/prilla",vit,Après No.13 Après Mochaccino Normal
apres-no-14-ski-limited-edition,Après,No.14 Ski Limited Edition,Slim,White,"4,4 mg/prilla · 8 mg/g",vit,Après No.14 Ski Limited Edition
apres-no-2-apres-mint-mini,Après,No.2 Après Mint - Mini,Mini,White,"3,2 mg/prilla · 8 mg/g",vit,Après No.2 Après Mint - Mini
apres-no-3-apres-lemon-curd-hyper-strong,Après,No.3 Après Lemon Curd - Hypèr Strong,Slim,White,11 mg/prilla · 20 mg/g,vit,Après No.3 Après Lemon Curd - Hypèr Strong
apres-no-4-apres-cola-hyper-strong,Après,No.4 Après Cola - Hypèr Strong,Slim,White,11 mg/prilla · 20 mg/g,vit,Après No.4 Après Cola - Hypèr Strong
apres-no-5-apres-ice-tea-peach-hyper-strong,Après,No.5 Après Ice Tea Peach - Hypèr Strong,Slim,White,11 mg/prilla · 20 mg/g,vit,Après No.5 Après Ice Tea Peach - Hypèr Strong
apres-no-8-apres-raspberry-liqorice-extra-strong,Après,No.8 Après Raspberry Liqorice - Extra Strong,Slim,White,"8,3 mg/prilla",vit,Après No.8 Après Raspberry Liqorice - Extra Strong
apres-no-8-apres-raspberry-liqorice-hyper-strong,Après,No.8 Après Raspberry Liqorice - Hypèr Strong,Slim,White,11 mg/prilla · 20 mg/g,vit,Après No.8 Après Raspberry Liqorice - Hypèr Strong
apres-no-9-apres-cactus-lime-hyper-strong,Après,No.9 Après Cactus Lime - Hypèr Strong,Slim,White,11 mg/prilla · 20 mg/g,vit,Après No.9 Après Cactus Lime - Hypèr Strong
apres-raspberry-liqorice-mild-mini,Après,Raspberry Liqorice Mild Mini,Mini,White,"3,2 mg/prilla · 8 mg/g",vit,Après Raspberry Liqorice Mild Mini
apres-raspberry-liqorice-slim,Après,Raspberry Liqorice Slim,Slim,White,"4,4 mg/prilla · 8 mg/g",vit,Après Raspberry Liqorice Slim
apres-tangerine-spritz,Après,Tangerine Spritz,Slim,White,"4,4 mg/prilla · 8 mg/g",vit,Après Tangerine Spritz
apres-tangerine-spritz-extra-strong,Après,Tangerine Spritz Extra Strong,Slim,White,"8,3 mg/prilla · 15 mg/g",vit,Après Tangerine Spritz Extra Strong
apres-very-berry,Après,Very Berry,Slim,White,"4,4 mg/prilla · 8 mg/g",vit,Après Very Berry
bjorn-blueberry-ice-4,Björn,Blueberry Ice 4,Slim,White,"19,5 mg/prilla · 30 mg/g",vit,Björn Blueberry Ice 4
bjorn-cola-ice-4,Björn,Cola Ice 4,Slim,White,"19,5 mg/prilla · 30 mg/g",vit,Björn Cola Ice 4
bjorn-frozen-mint-4,Björn,Frozen Mint 4,Slim,White,"19,5 mg/prilla · 30 mg/g",vit,Björn Frozen Mint 4
bjorn-ice-berry-liquorice-4,Björn,Ice Berry Liquorice 4,Slim,White,"19,5 mg/prilla · 30 mg/g",vit,Björn Ice Berry Liquorice 4
bjorn-rhubarb-elder-punch-4,Björn,Rhubarb-Elder Punch 4,Slim,White,"19,5 mg/prilla · 30 mg/g",vit,Björn Rhubarb-Elder Punch 4
bjorn-watermelon-ice-4,Björn,Watermelon Ice 4,Slim,White,"19,5 mg/prilla · 30 mg/g",vit,Björn Watermelon Ice 4
camo-spicy-citrus-12-mg-pouch,Camo,"'Spicy Citrus"" 12 mg/pouch",Slim,White,12 mg/prilla · 16 mg/g,vit,"Camo 'Spicy Citrus"" 12 mg/pouch"
chainpop-almond-vanilla,Chainpop,Almond & Vanilla,Slim,White,9 mg/prilla · 15 mg/g,vit,Chainpop Almond & Vanilla
chainpop-apple-cinnamon,Chainpop,Apple & Cinnamon,Slim,White,9 mg/prilla · 15 mg/g,vit,Chainpop Apple & Cinnamon
chainpop-cherry-chili,Chainpop,Cherry & Chili,Slim,White,9 mg/prilla · 15 mg/g,vit,Chainpop Cherry & Chili
chainpop-lychee-coconut,Chainpop,Lychee & Coconut,Slim,White,"5,2 mg/prilla · 8,6 mg/g",vit,Chainpop Lychee & Coconut
chainpop-peach-honey,Chainpop,Peach & Honey,Slim,White,9 mg/prilla · 15 mg/g,vit,Chainpop Peach & Honey
chainpop-peppermint-ice,Chainpop,Peppermint & Ice,Slim,White,"10,2 mg/prilla · 17 mg/g",vit,Chainpop Peppermint & Ice
chainpop-pomegranate-melon,Chainpop,Pomegranate & Melon,Slim,White,9 mg/prilla · 15 mg/g,vit,Chainpop Pomegranate & Melon
chainpop-rasberry-lemon,Chainpop,Rasberry & Lemon,Slim,White,"5,2 mg/prilla · 8,6 mg/g",vit,Chainpop Rasberry & Lemon
chainpop-violet-cactus,Chainpop,Violet & Cactus,Slim,White,"5,2 mg/prilla · 8,6 mg/g",vit,Chainpop Violet & Cactus
coco-blue-razz,Coco,Blue Razz,Slim,White,9 mg/prilla · 20 mg/g,vit,Coco Blue Razz
coco-clean-peach,Coco,Clean Peach,Slim,White,9 mg/prilla · 20 mg/g,vit,Coco Clean Peach
coco-mighty-colada,Coco,Mighty Colada,Slim,White,"13,5 mg/prilla · 30 mg/g",vit,Coco Mighty Colada
coco-mighty-fresh,Coco,Mighty Fresh,Slim,White,"13,5 mg/prilla · 30 mg/g",vit,Coco Mighty Fresh
coco-mighty-lemonade,Coco,Mighty Lemonade,Slim,White,"13,5 mg/prilla · 30 mg/g",vit,Coco Mighty Lemonade
coco-mighty-mango,Coco,Mighty Mango,Slim,White,"13,5 mg/prilla · 30 mg/g",vit,Coco Mighty Mango
coco-natural-mint,Coco,Natural Mint,Slim,White,9 mg/prilla · 20 mg/g,vit,Coco Natural Mint
coco-tropical-mango,Coco,Tropical Mango,Slim,White,9 mg/prilla · 20 mg/g,vit,Coco Tropical Mango
cream-cold-as-ice-cool-mint-2,Cream,Cold As Ice Cool Mint 2,Slim,White,"4,2 mg/prilla · 7 mg/g",vit,Cream Cold As Ice Cool Mint 2
cream-cold-as-ice-cool-mint-x-strong,Cream,Cold As Ice Cool Mint X-Strong,Slim,White,12 mg/prilla · 20 mg/g,vit,Cream Cold As Ice Cool Mint X-Strong
cream-energy-cold-as-ice,Cream,Energy Cold As Ice,Slim,White,50 mg/prilla,vit,Cream Energy Cold As Ice
cream-lemon-head-lemon-flavor-2,Cream,Lemon Head Lemon Flavor 2,Slim,White,"4,2 mg/prilla · 7 mg/g",vit,Cream Lemon Head Lemon Flavor 2
cream-lemon-head-lemon-flavor-x-strong,Cream,Lemon Head Lemon Flavor X-Strong,Slim,White,12 mg/prilla · 20 mg/g,vit,Cream Lemon Head Lemon Flavor X-Strong
cream-mango-man-fresh-mango-2,Cream,Mango Man Fresh Mango 2,Slim,White,"4,2 mg/prilla · 7 mg/g",vit,Cream Mango Man Fresh Mango 2
cream-mango-man-fresh-mango-x-strong,Cream,Mango Man Fresh Mango X-Strong,Slim,White,12 mg/prilla · 20 mg/g,vit,Cream Mango Man Fresh Mango X-Strong
dope-freeze,Dope,Freeze,Slim,White,"11,2 mg/prilla · 16 mg/g",vit,Dope Freeze
dope-ice-cool,Dope,Ice Cool,Slim,White,"11,2 mg/prilla · 16 mg/g",vit,Dope Ice Cool
dope-ice-mango,Dope,Ice Mango,Slim,White,"11,2 mg/prilla · 16 mg/g",vit,Dope Ice Mango
dope-lime-smash,Dope,Lime Smash,Slim,White,"11,2 mg/prilla · 16 mg/g",vit,Dope Lime Smash
dope-melon,Dope,Melon,Slim,White,"11,2 mg/prilla · 16 mg/g",vit,Dope Melon
fix-blueberry-ice-5,FIX,Blueberry Ice #5,Slim,White,"11,5 mg/prilla · 16,4 mg/g",vit,FIX Blueberry Ice #5
fix-chai-latte-3,FIX,Chai Latte #3,Slim,White,"8,4 mg/prilla · 12 mg/g",vit,FIX Chai Latte #3
fix-cherry-blossom-5,FIX,Cherry Blossom #5,Slim,White,"11,5 mg/prilla · 16,4 mg/g",vit,FIX Cherry Blossom #5
fix-fig-raspberry-3,FIX,Fig Raspberry #3,Slim,White,"8,4 mg/prilla · 12 mg/g",vit,FIX Fig Raspberry #3
fix-green-mango-lemongrass-5,FIX,Green Mango Lemongrass #5,Slim,White,"11,5 mg/prilla · 16,4 mg/g",vit,FIX Green Mango Lemongrass #5
fix-pineapple-rum-coconut-4,FIX,Pineapple Rum Coconut #4,Slim,White,"9,8 mg/prilla · 14 mg/g",vit,FIX Pineapple Rum Coconut #4
fix-strawberry-kiwi-4,FIX,Strawberry Kiwi #4,Slim,White,"9,8 mg/prilla · 14 mg/g",vit,FIX Strawberry Kiwi #4
fix-watermelon-ice-5,FIX,Watermelon Ice #5,Slim,White,"11,5 mg/prilla · 16,4 mg/g",vit,FIX Watermelon Ice #5
fumi-fiery-mango-strong-4,Fumi,Fiery Mango Strong 4,Slim,White,"8 mg/prilla · 11,4 mg/g",vit,Fumi Fiery Mango Strong 4
fumi-fiery-mango-strong-4-co,Fumi,Fiery Mango Strong 4 CO,Slim,White,"8 mg/prilla · 11,4 mg/g",vit,Fumi Fiery Mango Strong 4 CO
fumi-freezy-mint-extra-strong-5,Fumi,Freezy Mint Extra Strong 5,Slim,White,"11 mg/prilla · 15,7 mg/g",vit,Fumi Freezy Mint Extra Strong 5
fumi-freezy-mint-regular-3,Fumi,Freezy Mint Regular 3,Slim,White,"4 mg/prilla · 5,7 mg/g",vit,Fumi Freezy Mint Regular 3
fumi-minty-blueberry-strong-4,Fumi,Minty Blueberry Strong 4,Slim,White,"8 mg/prilla · 11,4 mg/g",vit,Fumi Minty Blueberry Strong 4
fumi-prickly-pear-strong-4,Fumi,Prickly Pear Strong 4,Slim,White,"8 mg/prilla · 11,4 mg/g",vit,Fumi Prickly Pear Strong 4
fumi-salty-raspberry-regular-3,Fumi,Salty Raspberry Regular 3,Slim,White,"4 mg/prilla · 5,7 mg/g",vit,Fumi Salty Raspberry Regular 3
fumi-salty-raspberry-strong-4,Fumi,Salty Raspberry Strong 4,Slim,White,"8 mg/prilla · 11,4 mg/g",vit,Fumi Salty Raspberry Strong 4
fumi-salty-violet-regular-3,Fumi,Salty Violet Regular 3,Slim,White,"4 mg/prilla · 5,7 mg/g",vit,Fumi Salty Violet Regular 3
fumi-salty-violet-strong-4,Fumi,Salty Violet Strong 4,Slim,White,"8 mg/prilla · 11,4 mg/g",vit,Fumi Salty Violet Strong 4
fumi-tangy-apple-strong-4,Fumi,Tangy Apple Strong 4,Slim,White,"8 mg/prilla · 11,4 mg/g",vit,Fumi Tangy Apple Strong 4
fumi-tangy-strawberry-regular-3,Fumi,Tangy Strawberry Regular 3,Slim,White,"4 mg/prilla · 5,7 mg/g",vit,Fumi Tangy Strawberry Regular 3
fumi-tangy-strawberry-strong-4,Fumi,Tangy Strawberry Strong 4,Slim,White,"8 mg/prilla · 11,4 mg/g",vit,Fumi Tangy Strawberry Strong 4
fumi-zingy-ginger-regular-3,Fumi,Zingy Ginger Regular 3,Slim,White,"4 mg/prilla · 5,7 mg/g",vit,Fumi Zingy Ginger Regular 3
fumi-zingy-ginger-strong-4,Fumi,Zingy Ginger Strong 4,Slim,White,"8 mg/prilla · 11,4 mg/g",vit,Fumi Zingy Ginger Strong 4
goat-blueberry-16,GOAT,Blueberry #16,Slim,White,"11,5 mg/prilla · 16,4 mg/g",vit,GOAT Blueberry #16
goat-cool-mint-16,GOAT,Cool Mint #16,Slim,White,"11,5 mg/prilla · 16,4 mg/g",vit,GOAT Cool Mint #16
goat-crystal-ice-16,GOAT,Crystal Ice #16,Slim,White,"11,5 mg/prilla · 16,4 mg/g",vit,GOAT Crystal Ice #16
goat-frosted-16,GOAT,Frosted #16,Slim,White,"11,5 mg/prilla · 16,4 mg/g",vit,GOAT Frosted #16
goat-wild-cherry-16,GOAT,Wild Cherry #16,Slim,White,"11,5 mg/prilla · 16,4 mg/g",vit,GOAT Wild Cherry #16
greatest-arctic-edition-frosty-rage-3,Greatest,Arctic Edition Frosty Rage 3,Slim,White,10 mg/prilla · 16 mg/g,vit,Greatest Arctic Edition Frosty Rage 3
greatest-cold-dry-16-mg-5,Greatest,Cold Dry 16 mg 5,Slim,White Dry,"11,2 mg/prilla · 16 mg/g",vit,Greatest Cold Dry 16 mg 5
greatest-cold-dry-16-mg-5-megacan,Greatest,Cold Dry 16 mg 5 Megacan,Slim,White Dry,"11,2 mg/prilla · 16 mg/g",vit,Greatest Cold Dry 16 mg 5 Megacan
greatest-cold-dry-8-mg-3,Greatest,Cold Dry 8 mg 3,Slim,White Dry,8 mg/prilla · 16 mg/g,vit,Greatest Cold Dry 8 mg 3
greatest-lemonade-edition-rage-lemonade-3,Greatest,Lemonade Edition Rage Lemonade 3,Slim,White,10 mg/prilla · 16 mg/g,vit,Greatest Lemonade Edition Rage Lemonade 3
greatest-wasted-mango,Greatest,Wasted Mango,Slim,White,12 mg/prilla · 20 mg/g,vit,Greatest Wasted Mango
greatest-xl-extra-large-5,Greatest,XL Extra Large 5,Slim,White,"13,3 mg/prilla · 16,7 mg/g",vit,Greatest XL Extra Large 5
helwit-banana-2,Helwit,Banana 2,Slim,White,"3,5 mg/prilla · 7 mg/g",vit,Helwit Banana 2
helwit-banana-2-co,Helwit,Banana 2 CO,Slim,White,"3,5 mg/prilla · 7 mg/g",vit,Helwit Banana 2 CO
helwit-banana-extra-strong,Helwit,Banana Extra Strong,Slim,White,"7,5 mg/prilla · 15 mg/g",vit,Helwit Banana Extra Strong
helwit-blueberry,Helwit,Blueberry,Slim,White,"4,5 mg/prilla · 9 mg/g",vit,Helwit Blueberry
helwit-blueberry-extra-strong,Helwit,Blueberry Extra Strong,Slim,White,"7,5 mg/prilla · 15 mg/g",vit,Helwit Blueberry Extra Strong
helwit-cherry,Helwit,Cherry,Slim,White,"4,5 mg/prilla · 9 mg/g",vit,Helwit Cherry
helwit-cola,Helwit,Cola,Slim,White,"3,5 mg/prilla · 7 mg/g",vit,Helwit Cola
helwit-cola-extra-strong,Helwit,Cola Extra Strong,Slim,White,"7,5 mg/prilla · 15 mg/g",vit,Helwit Cola Extra Strong
helwit-menthol,Helwit,Menthol,Slim,White,6 mg/prilla · 12 mg/g,vit,Helwit Menthol
helwit-mint,Helwit,Mint,Slim,White,"3,5 mg/prilla · 7 mg/g",vit,Helwit Mint
helwit-mocha,Helwit,Mocha,Slim,White,"4,5 mg/prilla · 9 mg/g",vit,Helwit Mocha
helwit-mocha-extra-strong,Helwit,Mocha Extra Strong,Slim,White,"7,5 mg/prilla · 15 mg/g",vit,Helwit Mocha Extra Strong
helwit-orange,Helwit,Orange,Slim,White,"4,5 mg/prilla · 9 mg/g",vit,Helwit Orange
helwit-pear,Helwit,Pear,Slim,White,"4,5 mg/prilla · 9 mg/g",vit,Helwit Pear
helwit-raspberry-liquorice-slim,Helwit,Raspberry Liquorice Slim,Slim,White,"3,5 mg/prilla · 7 mg/g",vit,Helwit Raspberry Liquorice Slim
helwit-salmiak,Helwit,Salmiak,Slim,White,6 mg/prilla · 12 mg/g,vit,Helwit Salmiak
helwit-strawberry,Helwit,Strawberry,Slim,White,"4,5 mg/prilla · 9 mg/g",vit,Helwit Strawberry
helwit-violet,Helwit,Violet,Slim,White,"3,5 mg/prilla · 7 mg/g",vit,Helwit Violet
helwit-watermelon,Helwit,Watermelon,Slim,White,"3,5 mg/prilla · 7 mg/g",vit,Helwit Watermelon
helwit-wintermint-slim,Helwit,Wintermint Slim,Slim,White,"4,5 mg/prilla · 9 mg/g",vit,Helwit Wintermint Slim
ice-cola-slush-16-5-mg-g-11-55-mg-pouch,ICE,"Cola Slush 16,5 MG/G - 11,55 MG/pouch",Slim,White,"11,6 mg/prilla · 16,5 mg/g",vit,"ICE Cola Slush 16,5 MG/G - 11,55 MG/pouch"
ice-cool-mint-12-mg-g-6-mg-pouch,ICE,Cool Mint 12 MG/G - 6 MG/pouch,Slim,White,6 mg/prilla · 12 mg/g,vit,ICE Cool Mint 12 MG/G - 6 MG/pouch
ice-cool-mint-16-5-mg-g-11-55-mg-pouch,ICE,"Cool Mint 16,5 MG/G - 11,55 MG/pouch",Slim,White,"11,6 mg/prilla · 16,5 mg/g",vit,"ICE Cool Mint 16,5 MG/G - 11,55 MG/pouch"
ice-freeze-16-5-mg-g-11-55-mg-pouch,ICE,"Freeze 16,5 MG/G - 11,55 MG/pouch",Slim,White,"11,6 mg/prilla · 16,5 mg/g",vit,"ICE Freeze 16,5 MG/G - 11,55 MG/pouch"
ice-jalapeno-lime-16-5-mg-g-11-55-mg-pouch,ICE,"Jalapeño Lime 16,5 MG/G - 11,55 MG/pouch",Slim,White,"11,6 mg/prilla · 16,5 mg/g",vit,"ICE Jalapeño Lime 16,5 MG/G - 11,55 MG/pouch"
ice-reaper-xl-16-5-mg-g-16-5-mg-pouch,ICE,"Reaper XL 16,5 MG/G - 16,5 MG/pouch",Slim,White,"16,5 mg/prilla · 16,5 mg/g",vit,"ICE Reaper XL 16,5 MG/G - 16,5 MG/pouch"
kelly-white-cool-mint,Kelly White,Cool Mint,Slim,White,"8 mg/prilla · 13,3 mg/g",vit,Kelly White Cool Mint
kelly-white-hot-cherry-slim,Kelly White,Hot Cherry Slim,Slim,White,8 mg/prilla · 16 mg/g,vit,Kelly White Hot Cherry Slim
kelly-white-raspberry-lemon-mini,Kelly White,Raspberry Lemon Mini,Mini,White,6 mg/prilla · 12 mg/g,vit,Kelly White Raspberry Lemon Mini
kelly-white-sparkling-strawberry,Kelly White,Sparkling Strawberry,Slim,White,5 mg/prilla · 10 mg/g,vit,Kelly White Sparkling Strawberry
kelly-white-sweet-melon-mint,Kelly White,Sweet Melon Mint,Slim,White,5 mg/prilla · 10 mg/g,vit,Kelly White Sweet Melon Mint
kelly-white-sweet-peach,Kelly White,Sweet Peach,Slim,White,"4 mg/prilla · 6,7 mg/g",vit,Kelly White Sweet Peach
kelly-white-sweet-peach-mini,Kelly White,Sweet Peach Mini,Mini,White,"7,7 mg/prilla · 12 mg/g",vit,Kelly White Sweet Peach Mini
kelly-white-sweet-peppermint,Kelly White,Sweet Peppermint,Mini,White,"6 mg/prilla · 7,5 mg/g",vit,Kelly White Sweet Peppermint
klar-blank-extra-strong-mini,KLAR,Blank Extra Strong Mini,Slim,White,"9,4 mg/prilla · 15 mg/g",vit,KLAR Blank Extra Strong Mini
klar-blank-regular-mini,KLAR,Blank Regular Mini,Mini,White,"3,2 mg/prilla · 7 mg/g",vit,KLAR Blank Regular Mini
klar-blank-strong-mini,KLAR,Blank Strong Mini,Mini,White,"6,4 mg/prilla · 15 mg/g",vit,KLAR Blank Strong Mini
klar-mint-extra-strong-mini,KLAR,Mint Extra Strong Mini,Slim,White,"9,4 mg/prilla · 15 mg/g",vit,KLAR Mint Extra Strong Mini
klar-mint-regular-mini,KLAR,Mint Regular Mini,Mini,White,3 mg/prilla · 7 mg/g,vit,KLAR Mint Regular Mini
klar-mint-strong-mini,KLAR,Mint Strong Mini,Mini,White,6 mg/prilla · 14 mg/g,vit,KLAR Mint Strong Mini
klint-apple-mint-5,Klint,Apple Mint 5,Slim,White,"11,5 mg/prilla · 16,4 mg/g",vit,Klint Apple Mint 5
klint-arctic-mint,Klint,Arctic Mint,Slim,White,"11,5 mg/prilla · 16,4 mg/g",vit,Klint Arctic Mint
klint-blaklint-5,Klint,Blåklint 5,Slim,White,"11,5 mg/prilla · 16,4 mg/g",vit,Klint Blåklint 5
klint-blaklint-stark-mini,Klint,Blåklint Stark Mini,Mini,White,8 mg/prilla · 16 mg/g,vit,Klint Blåklint Stark Mini
klint-breeze-mint,Klint,Breeze Mint,Slim,White,"5,6 mg/prilla · 8 mg/g",vit,Klint Breeze Mint
klint-breeze-mint-2,Klint,Breeze Mint 2,Slim,White,"5,6 mg/prilla · 8 mg/g",vit,Klint Breeze Mint 2
klint-cola-lime-4,Klint,Cola Lime 4,Slim,White,"11,2 mg/prilla · 16 mg/g",vit,Klint Cola Lime 4
klint-freeze-mint-stark,Klint,Freeze Mint Stark,Slim,White,"11,2 mg/prilla · 16 mg/g",vit,Klint Freeze Mint Stark
klint-fresh-lime-2,Klint,Fresh Lime 2,Slim,White,"5,6 mg/prilla · 8 mg/g",vit,Klint Fresh Lime 2
klint-honeymelon,Klint,Honeymelon,Slim,White,"5,6 mg/prilla · 8 mg/g",vit,Klint Honeymelon
klint-liquorice,Klint,Liquorice,Slim,White,"8,4 mg/prilla · 12 mg/g",vit,Klint Liquorice
klint-passionfruit,Klint,Passionfruit,Slim,White,"5,6 mg/prilla · 8 mg/g",vit,Klint Passionfruit
klint-pink-grapefruit-4,Klint,Pink Grapefruit 4,Slim,White,"11,2 mg/prilla · 16 mg/g",vit,Klint Pink Grapefruit 4
klint-polar-mint,Klint,Polar Mint,Slim,White,"8,4 mg/prilla · 12 mg/g",vit,Klint Polar Mint
klint-pomegranate-2,Klint,Pomegranate 2,Slim,White,"5,6 mg/prilla · 8 mg/g",vit,Klint Pomegranate 2
klint-rose-mini,Klint,Rosé Mini,Mini,White,6 mg/prilla · 12 mg/g,vit,Klint Rosé Mini
klint-white-mulberry-1,Klint,White Mulberry 1,Slim,White,"4,2 mg/prilla · 6 mg/g",vit,Klint White Mulberry 1
lewa-citrus-mint,Lewa,Citrus Mint,Slim,White,9 mg/prilla · 15 mg/g,vit,Lewa Citrus Mint
lewa-classic-liquorice,Lewa,Classic Liquorice,Large,White,"13,5 mg/prilla · 15 mg/g",vit,Lewa Classic Liquorice
lewa-classic-taste-of-tobacco,Lewa,Classic Taste of Tobacco,Large,White,"13,5 mg/prilla · 15 mg/g",vit,Lewa Classic Taste of Tobacco
lewa-cucumber-mint,Lewa,Cucumber Mint,Slim,White,9 mg/prilla · 15 mg/g,vit,Lewa Cucumber Mint
lewa-wintermint,Lewa,Wintermint,Slim,White,9 mg/prilla · 15 mg/g,vit,Lewa Wintermint
loop-studio-hot-peach,Loop,*Studio* Hot Peach,Slim,White,"9,4 mg/prilla · 15 mg/g",vit,Loop *Studio* Hot Peach
loop-blueberry-ice-strong,Loop,Blueberry Ice Strong,Slim,White,"9,4 mg/prilla · 15 mg/g",vit,Loop Blueberry Ice Strong
loop-cassis-bliss-stark,Loop,Cassis Bliss Stark,Slim,White,"9,4 mg/prilla · 15 mg/g",vit,Loop Cassis Bliss Stark
loop-creamy-cappuccino,Loop,Creamy Cappuccino,Slim,White,"9,4 mg/prilla · 15 mg/g",vit,Loop Creamy Cappuccino
loop-creamy-cappuccino-mini,Loop,Creamy Cappuccino Mini,Mini,White,"6,8 mg/prilla · 15 mg/g",vit,Loop Creamy Cappuccino Mini
loop-fresh-peppermint-hyper-strong,Loop,Fresh Peppermint Hyper Strong,Slim,White,"14,8 mg/prilla · 24 mg/g",vit,Loop Fresh Peppermint Hyper Strong
loop-fresh-peppermint-mini-hyper-strong,Loop,Fresh Peppermint Mini Hyper Strong,Mini,White,"10,5 mg/prilla · 24 mg/g",vit,Loop Fresh Peppermint Mini Hyper Strong
loop-fresh-peppermint-mini-hyper-strong-co,Loop,Fresh Peppermint Mini Hyper Strong CO,Mini,White,"10,5 mg/prilla · 24 mg/g",vit,Loop Fresh Peppermint Mini Hyper Strong CO
loop-fresh-spearmint-hyper-strong,Loop,Fresh Spearmint Hyper Strong,Slim,White,"14,8 mg/prilla · 24 mg/g",vit,Loop Fresh Spearmint Hyper Strong
loop-fresh-spearmint-mini-hyper-strong,Loop,Fresh Spearmint Mini Hyper Strong,Mini,White,"10,5 mg/prilla · 23 mg/g",vit,Loop Fresh Spearmint Mini Hyper Strong
loop-fresh-spearmint-mini-hyper-strong-co,Loop,Fresh Spearmint Mini Hyper Strong CO,Mini,White,"10,5 mg/prilla · 23 mg/g",vit,Loop Fresh Spearmint Mini Hyper Strong CO
loop-habanero-mint-extra-stark,Loop,Habanero Mint Extra Stark,Slim,White,"12,5 mg/prilla · 20 mg/g",vit,Loop Habanero Mint Extra Stark
loop-habanero-mint-hyper-strong,Loop,Habanero Mint Hyper Strong,Slim,White,"15,6 mg/prilla · 25 mg/g",vit,Loop Habanero Mint Hyper Strong
loop-hot-mango-extra-strong,Loop,Hot Mango Extra Strong,Slim,White,"12,5 mg/prilla · 20 mg/g",vit,Loop Hot Mango Extra Strong
loop-hot-mango-stark,Loop,Hot Mango Stark,Slim,White,"9,4 mg/prilla · 15 mg/g",vit,Loop Hot Mango Stark
loop-hot-peach-hyper-strong,Loop,Hot Peach Hyper Strong,Slim,White,"15,6 mg/prilla · 25 mg/g",vit,Loop Hot Peach Hyper Strong
loop-hot-peach-mini,Loop,Hot Peach Mini,Mini,White,"6,8 mg/prilla · 15 mg/g",vit,Loop Hot Peach Mini
loop-hot-rhubarb,Loop,Hot Rhubarb,Slim,White,"9,4 mg/prilla · 15 mg/g",vit,Loop Hot Rhubarb
loop-ice-cool-mint-hyper-strong,Loop,Ice Cool Mint Hyper Strong,Slim,White,"15,6 mg/prilla · 25 mg/g",vit,Loop Ice Cool Mint Hyper Strong
loop-ice-cool-mint-strong,Loop,Ice Cool Mint Strong,Slim,White,"9,4 mg/prilla · 15 mg/g",vit,Loop Ice Cool Mint Strong
loop-jalapeno-lime-medium,Loop,Jalapeno Lime Medium,Slim,White,"6,3 mg/prilla · 10 mg/g",vit,Loop Jalapeno Lime Medium
loop-jalapeno-lime-extra-stark,Loop,Jalapeño Lime Extra Stark,Slim,White,"12,5 mg/prilla · 20 mg/g",vit,Loop Jalapeño Lime Extra Stark
loop-jalapeno-lime-hyper-strong,Loop,Jalapeño Lime Hyper Strong,Slim,White,"15,6 mg/prilla · 25 mg/g",vit,Loop Jalapeño Lime Hyper Strong
loop-jalapeno-lime-mini,Loop,Jalapeño Lime Mini,Mini,White,"6,8 mg/prilla · 15 mg/g",vit,Loop Jalapeño Lime Mini
loop-jalapeno-lime-stark,Loop,Jalapeño Lime Stark,Slim,White,"9,4 mg/prilla · 15 mg/g",vit,Loop Jalapeño Lime Stark
loop-licorice-fusion-extra-strong,Loop,Licorice Fusion Extra Strong,Slim,White,"12,5 mg/prilla · 20 mg/g",vit,Loop Licorice Fusion Extra Strong
loop-licorice-fusion-mini,Loop,Licorice Fusion Mini,Mini,White,"6,8 mg/prilla · 15 mg/g",vit,Loop Licorice Fusion Mini
loop-licorice-fusion-stark,Loop,Licorice Fusion Stark,Slim,White,"9,4 mg/prilla · 15 mg/g",vit,Loop Licorice Fusion Stark
loop-red-chili-melon-extra-stark,Loop,Red Chili Melon Extra Stark,Slim,White,"12,5 mg/prilla · 20 mg/g",vit,Loop Red Chili Melon Extra Stark
loop-red-chili-melon-hyper-strong,Loop,Red Chili Melon Hyper Strong,Slim,White,"15,6 mg/prilla · 25 mg/g",vit,Loop Red Chili Melon Hyper Strong
loop-red-chili-melon-medium,Loop,Red Chili Melon Medium,Slim,White,"6,3 mg/prilla · 10 mg/g",vit,Loop Red Chili Melon Medium
loop-red-chili-melon-mini,Loop,Red Chili Melon Mini,Mini,White,"6,8 mg/prilla · 15 mg/g",vit,Loop Red Chili Melon Mini
loop-red-chili-melon-stark,Loop,Red Chili Melon Stark,Slim,White,"9,4 mg/prilla · 15 mg/g",vit,Loop Red Chili Melon Stark
loop-smooth-mint-extra-strong,Loop,Smooth Mint Extra Strong,Slim,White,"12,5 mg/prilla · 20 mg/g",vit,Loop Smooth Mint Extra Strong
loop-smooth-mint-hyper-strong,Loop,Smooth Mint Hyper Strong,Slim,White,"15,6 mg/prilla · 25 mg/g",vit,Loop Smooth Mint Hyper Strong
loop-smooth-mint-mini,Loop,Smooth Mint Mini,Mini,White,"6,8 mg/prilla · 15 mg/g",vit,Loop Smooth Mint Mini
loop-smooth-mint-mini-hyper-strong,Loop,Smooth Mint Mini Hyper Strong,Slim,White,"11,3 mg/prilla · 25 mg/g",vit,Loop Smooth Mint Mini Hyper Strong
loop-smooth-mint-strong,Loop,Smooth Mint Strong,Slim,White,"9,4 mg/prilla · 15 mg/g",vit,Loop Smooth Mint Strong
loop-spicy-apple-hyper-strong-limited-edition,Loop,Spicy Apple Hyper Strong Limited Edition,Slim,White,"15,6 mg/prilla · 25 mg/g",vit,Loop Spicy Apple Hyper Strong Limited Edition
loop-spicy-apple-strong,Loop,Spicy Apple Strong,Slim,White,"9,4 mg/prilla · 15 mg/g",vit,Loop Spicy Apple Strong
loop-strawberry-ice-strong,Loop,Strawberry Ice Strong,Slim,White,"9,4 mg/prilla · 15 mg/g",vit,Loop Strawberry Ice Strong
lundgrens-dunge,Lundgrens,Dunge,Large,White,8 mg/prilla · 10 mg/g,vit,Lundgrens Dunge
lundgrens-fjallskog,Lundgrens,Fjällskog,Large,White,8 mg/prilla · 10 mg/g,vit,Lundgrens Fjällskog
lundgrens-hostaker,Lundgrens,Höståker,Large,White,"10 mg/prilla · 12,5 mg/g",vit,Lundgrens Höståker
lundgrens-kvallsbris,Lundgrens,Kvällsbris,Large,White,8 mg/prilla · 10 mg/g,vit,Lundgrens Kvällsbris
lundgrens-morgonljus-seasonal-edition,Lundgrens,Morgonljus Seasonal Edition,Large,White,8 mg/prilla · 10 mg/g,vit,Lundgrens Morgonljus Seasonal Edition
lundgrens-manskara,Lundgrens,Månskära,Large,White,8 mg/prilla · 10 mg/g,vit,Lundgrens Månskära
lundgrens-mork,Lundgrens,Mörk,Large,White,8 mg/prilla · 10 mg/g,vit,Lundgrens Mörk
lundgrens-mork-stark,Lundgrens,Mörk Stark,Large,White,"10 mg/prilla · 12,5 mg/g",vit,Lundgrens Mörk Stark
lundgrens-rimfrost,Lundgrens,Rimfrost,Large,White,"10 mg/prilla · 12,5 mg/g",vit,Lundgrens Rimfrost
lundgrens-ang,Lundgrens,Äng,Large,White,8 mg/prilla · 10 mg/g,vit,Lundgrens Äng
lynx-blueberry-boost,Lynx,Blueberry Boost,Slim,White,"10,5 mg/prilla · 14 mg/g",vit,Lynx Blueberry Boost
lynx-cool-mint-extra-strong,Lynx,Cool Mint Extra Strong,Slim,White,"12,3 mg/prilla · 16,4 mg/g",vit,Lynx Cool Mint Extra Strong
maverick-natural-mint-berry-valley-adventure-4-berry-valley,Maverick,Natural Mint Berry Valley Adventure 4 Berry Valley,Slim,White,"12,5 mg/prilla · 25 mg/g",vit,Maverick Natural Mint Berry Valley Adventure 4 Berry Valley
maverick-natural-mint-frost-wood-adventure-4,Maverick,Natural Mint Frost Wood Adventure 4,Slim,White,"12,5 mg/prilla · 25 mg/g",vit,Maverick Natural Mint Frost Wood Adventure 4
maverick-natural-mint-sicilian-sunset-adventure-4,Maverick,Natural Mint Sicilian Sunset Adventure 4,Slim,White,"12,5 mg/prilla · 25 mg/g",vit,Maverick Natural Mint Sicilian Sunset Adventure 4
neoz-apple-mint,Neoz,Apple Mint,Slim,White,7 mg/prilla · 10 mg/g,vit,Neoz Apple Mint
noat-cold-mint-10mg,NOAT,Cold mint 10mg,Slim,White,10 mg/prilla,vit,NOAT Cold mint 10mg
noat-ginger-peach-7mg,NOAT,Ginger Peach 7mg,Slim,White,7 mg/prilla,vit,NOAT Ginger Peach 7mg
noat-matcha-7mg,NOAT,Matcha 7mg,Slim,White,7 mg/prilla,vit,NOAT Matcha 7mg
noat-peppermint-7mg,NOAT,Peppermint 7mg,Slim,White,7 mg/prilla,vit,NOAT Peppermint 7mg
noat-spearmint-4mg,NOAT,Spearmint 4mg,Slim,White,4 mg/prilla,vit,NOAT Spearmint 4mg
noat-spicy-lime-7mg,NOAT,Spicy Lime 7mg,Slim,White,7 mg/prilla,vit,NOAT Spicy Lime 7mg
noat-spicy-melon-7mg,NOAT,Spicy Melon 7mg,Slim,White,7 mg/prilla,vit,NOAT Spicy Melon 7mg
on-berry-3mg-mini,On!,Berry 3mg Mini,Mini,White,"3 mg/prilla · 9,4 mg/g",vit,On! Berry 3mg Mini
on-coffee-3mg-mini,On!,Coffee 3mg Mini,Mini,White,"3 mg/prilla · 9,4 mg/g",vit,On! Coffee 3mg Mini
on-coffee-6mg-mini,On!,Coffee 6mg Mini,Mini,White,"6 mg/prilla · 18,8 mg/g",vit,On! Coffee 6mg Mini
on-graprefruit-spritz-regular,On!,Graprefruit Spritz Regular,Mini,White,"3 mg/prilla · 9,4 mg/g",vit,On! Graprefruit Spritz Regular
on-lemon-berry-regular,On!,Lemon Berry Regular,Mini,White,"3 mg/prilla · 9,4 mg/g",vit,On! Lemon Berry Regular
on-licorice-3mg-mini,On!,Licorice 3mg Mini,Mini,White,"3 mg/prilla · 9,4 mg/g",vit,On! Licorice 3mg Mini
on-licorice-6mg-extra-stark-mini,On!,Licorice 6mg Extra Stark Mini,Mini,White,"6 mg/prilla · 18,8 mg/g",vit,On! Licorice 6mg Extra Stark Mini
on-mint-3mg-mini,On!,Mint 3mg Mini,Mini,White,"3 mg/prilla · 9,4 mg/g",vit,On! Mint 3mg Mini
on-mint-6mg-extra-stark-mini,On!,Mint 6mg Extra Stark Mini,Mini,White,"6 mg/prilla · 18,8 mg/g",vit,On! Mint 6mg Extra Stark Mini
on-mint-9mg-extra-stark-mini,On!,Mint 9mg Extra Stark Mini,Mini,White,"9 mg/prilla · 28,1 mg/g",vit,On! Mint 9mg Extra Stark Mini
on-spearmint-3mg-mini,On!,Spearmint 3mg Mini,Mini,White,"3 mg/prilla · 9,4 mg/g",vit,On! Spearmint 3mg Mini
on-tropical-spice-3mg-mini,On!,Tropical Spice 3mg Mini,Mini,White,"3 mg/prilla · 9,4 mg/g",vit,On! Tropical Spice 3mg Mini
on-tropical-spice-6mg-extra-stark-mini,On!,Tropical Spice 6mg Extra Stark Mini,Mini,White,"6 mg/prilla · 18,8 mg/g",vit,On! Tropical Spice 6mg Extra Stark Mini
on-plus-berry-regular-2,On! Plus,Berry Regular 2,Slim,White,"6 mg/prilla · 8,4 mg/g",vit,On! Plus Berry Regular 2
on-plus-berry-strong-3,On! Plus,Berry Strong 3,Slim,White,"9 mg/prilla · 12,6 mg/g",vit,On! Plus Berry Strong 3
on-plus-citrus-regular-2,On! Plus,Citrus Regular 2,Slim,White,"6 mg/prilla · 8,4 mg/g",vit,On! Plus Citrus Regular 2
on-plus-citrus-strong-3,On! Plus,Citrus Strong 3,Slim,White,"9 mg/prilla · 12,6 mg/g",vit,On! Plus Citrus Strong 3
on-plus-mint-extra-strong-4,On! Plus,Mint Extra Strong 4,Slim,White,"11,5 mg/prilla · 16,1 mg/g",vit,On! Plus Mint Extra Strong 4
on-plus-mint-regular-2,On! Plus,Mint Regular 2,Slim,White,"6 mg/prilla · 8,4 mg/g",vit,On! Plus Mint Regular 2
on-plus-mint-strong-3,On! Plus,Mint Strong 3,Slim,White,"9 mg/prilla · 12,6 mg/g",vit,On! Plus Mint Strong 3
on-plus-raspberry-lemon-extra-strong-4,On! Plus,Raspberry Lemon Extra Strong 4,Slim,White,"11,5 mg/prilla · 16,1 mg/g",vit,On! Plus Raspberry Lemon Extra Strong 4
on-plus-raspberry-lemon-regular-2,On! Plus,Raspberry Lemon Regular 2,Slim,White,"6 mg/prilla · 8,4 mg/g",vit,On! Plus Raspberry Lemon Regular 2
on-plus-raspberry-lemon-strong-3,On! Plus,Raspberry Lemon Strong 3,Slim,White,"9 mg/prilla · 12,6 mg/g",vit,On! Plus Raspberry Lemon Strong 3
on-plus-smooth-mint-regular-2,On! Plus,Smooth Mint Regular 2,Slim,White,"6 mg/prilla · 8,4 mg/g",vit,On! Plus Smooth Mint Regular 2
on-plus-smooth-mint-strong-3,On! Plus,Smooth Mint Strong 3,Slim,White,"9 mg/prilla · 12,6 mg/g",vit,On! Plus Smooth Mint Strong 3
on-plus-watermelon-mint-regular-2,On! Plus,Watermelon Mint Regular 2,Slim,White,"6 mg/prilla · 8,4 mg/g",vit,On! Plus Watermelon Mint Regular 2
on-plus-watermelon-mint-strong-3,On! Plus,Watermelon Mint Strong 3,Slim,White,"9 mg/prilla · 12,6 mg/g",vit,On! Plus Watermelon Mint Strong 3
siberia-all-white-extra-stark-original-tobaksfritt-snus,Siberia,All White Extra Stark Original Tobaksfritt Snus,Large,White,33 mg/prilla · 33 mg/g,vit,Siberia All White Extra Stark Original Tobaksfritt Snus
siberia-all-white-extra-stark-slim-tobaksfritt-snus,Siberia,All White Extra Stark Slim Tobaksfritt Snus,Slim,White,"24,8 mg/prilla · 33 mg/g",vit,Siberia All White Extra Stark Slim Tobaksfritt Snus
siberia-all-white-extra-stark-superslim-tobaksfritt-snus,Siberia,All White Extra Stark Superslim Tobaksfritt Snus,Superslim,White,"19,8 mg/prilla · 33 mg/g",vit,Siberia All White Extra Stark Superslim Tobaksfritt Snus
skruf-super-white-crystal-fresh-4,Skruf Super White,Crystal Fresh 4,Slim,White,"11,5 mg/prilla · 16 mg/g",vit,Skruf Super White Crystal Fresh 4
skruf-super-white-no-52-fresh-mint-2,Skruf Super White,No. 52 Fresh Mint #2,Slim,White,"5,8 mg/prilla · 8 mg/g",vit,Skruf Super White No. 52 Fresh Mint #2
skruf-super-white-no-53-fresh-mint-3-stark,Skruf Super White,No. 53 Fresh Mint #3 Stark,Slim,White,"9,4 mg/prilla · 13 mg/g",vit,Skruf Super White No. 53 Fresh Mint #3 Stark
skruf-super-white-no-54-fresh-mint-4-extra-stark,Skruf Super White,No. 54 Fresh Mint #4 Extra Stark,Slim,White,13 mg/prilla · 18 mg/g,vit,Skruf Super White No. 54 Fresh Mint #4 Extra Stark
skruf-super-white-no-56-nordic-liquorice-2,Skruf Super White,No. 56 Nordic Liquorice #2,Slim,White,"5,8 mg/prilla · 8 mg/g",vit,Skruf Super White No. 56 Nordic Liquorice #2
skruf-super-white-no-57-polar-eucalyptus-3-stark,Skruf Super White,No. 57 Polar Eucalyptus #3 Stark,Slim,White,"9,4 mg/prilla · 13 mg/g",vit,Skruf Super White No. 57 Polar Eucalyptus #3 Stark
skruf-super-white-no-58-nordic-liquorice-4-extra-stark,Skruf Super White,No. 58 Nordic Liquorice #4 Extra Stark,Slim,White,13 mg/prilla · 18 mg/g,vit,Skruf Super White No. 58 Nordic Liquorice #4 Extra Stark
skruf-super-white-no-60-frozen-mint-4,Skruf Super White,No. 60 Frozen Mint #4,Superslim,White,10 mg/prilla · 18 mg/g,vit,Skruf Super White No. 60 Frozen Mint #4
skruf-super-white-no-62-indigo-berry-2,Skruf Super White,No. 62 Indigo Berry #2,Slim,White,"5,8 mg/prilla · 8 mg/g",vit,Skruf Super White No. 62 Indigo Berry #2
skruf-super-white-no-63-purple-cassice-3-stark,Skruf Super White,No. 63 Purple Cassice #3 Stark,Slim,White,"9,4 mg/prilla · 13 mg/g",vit,Skruf Super White No. 63 Purple Cassice #3 Stark
skruf-super-white-no-71-purple-cassice-2,Skruf Super White,No. 71 Purple Cassice #2,Slim,White,"5,8 mg/prilla · 8 mg/g",vit,Skruf Super White No. 71 Purple Cassice #2
skruf-super-white-skruf-superwhite-fresh-freeze-ultra-strong,Skruf Super White,Skruf Superwhite Fresh Freeze Ultra Strong,Slim,White,"11,5 mg/prilla · 16 mg/g",vit,Skruf Super White Skruf Superwhite Fresh Freeze Ultra Strong
sting-free-stingfree-blue-mint,Sting Free,Stingfree Blue Mint,Slim,White,"6,6 mg/prilla · 12 mg/g",vit,Sting Free Stingfree Blue Mint
sting-free-stingfree-california-peach,Sting Free,Stingfree California Peach,Slim,White,"4,4 mg/prilla · 8 mg/g",vit,Sting Free Stingfree California Peach
sting-free-stingfree-caribbean-mango,Sting Free,Stingfree Caribbean Mango,Slim,White,"5,5 mg/prilla · 10 mg/g",vit,Sting Free Stingfree Caribbean Mango
sting-free-stingfree-maltese-lemon,Sting Free,Stingfree Maltese Lemon,Slim,White,"4,4 mg/prilla · 8 mg/g",vit,Sting Free Stingfree Maltese Lemon
sting-free-stingfree-ocean-mint,Sting Free,Stingfree Ocean Mint,Slim,White,"5,5 mg/prilla · 10 mg/g",vit,Sting Free Stingfree Ocean Mint
sting-free-stingfree-ocean-mint-strong,Sting Free,Stingfree Ocean Mint Strong,Slim,White,11 mg/prilla · 20 mg/g,vit,Sting Free Stingfree Ocean Mint Strong
sting-free-stingfree-swedish-cola,Sting Free,Stingfree Swedish Cola,Slim,White,"6,6 mg/prilla · 12 mg/g",vit,Sting Free Stingfree Swedish Cola
strom-fresh-mint-extra-stark,Ström,Fresh Mint Extra Stark,Slim,White,"9,4 mg/prilla · 15 mg/g",vit,Ström Fresh Mint Extra Stark
strom-gingery-liquorice,Ström,Gingery Liquorice,Slim,White,10 mg/prilla · 16 mg/g,vit,Ström Gingery Liquorice
strom-iced-coffee,Ström,Iced Coffee,Slim,White,10 mg/prilla · 16 mg/g,vit,Ström Iced Coffee
strom-juicy-berry-extra-stark,Ström,Juicy Berry Extra Stark,Slim,White,"9,4 mg/prilla · 15 mg/g",vit,Ström Juicy Berry Extra Stark
strom-minty-orange-extra-stark,Ström,Minty Orange Extra Stark,Slim,White,"9,4 mg/prilla · 15 mg/g",vit,Ström Minty Orange Extra Stark
valkyria-pictish-spearmint-2,Valkyria,Pictish Spearmint 2,Slim,White,"6,5 mg/prilla · 10 mg/g",vit,Valkyria Pictish Spearmint 2
valkyria-pictish-spearmint-2-co,Valkyria,Pictish Spearmint 2 CO,Slim,White,"6,5 mg/prilla · 10 mg/g",vit,Valkyria Pictish Spearmint 2 CO
valkyria-pictish-spearmint-4,Valkyria,Pictish Spearmint 4,Slim,White,"9 mg/prilla · 13,8 mg/g",vit,Valkyria Pictish Spearmint 4
valkyria-pictish-spearmint-4-co,Valkyria,Pictish Spearmint 4 CO,Slim,White,"9 mg/prilla · 13,8 mg/g",vit,Valkyria Pictish Spearmint 4 CO
valkyria-viking-maiden-peach-3,Valkyria,Viking Maiden Peach 3,Slim,White,"6 mg/prilla · 9,2 mg/g",vit,Valkyria Viking Maiden Peach 3
velo-arctic-grapefruit,Velo,Arctic Grapefruit,Slim,White,"10 mg/prilla · 14,3 mg/g",vit,Velo Arctic Grapefruit
velo-blue-raspberry,Velo,Blue Raspberry,Slim,White,"10 mg/prilla · 14,3 mg/g",vit,Velo Blue Raspberry
velo-bright-peppermint-3,Velo,Bright Peppermint 3,Slim,White,"8 mg/prilla · 11,4 mg/g",vit,Velo Bright Peppermint 3
velo-bright-spearmint-14,Velo,Bright Spearmint 14,Slim,White,14 mg/prilla · 20 mg/g,vit,Velo Bright Spearmint 14
velo-bright-spearmint-mini,Velo,Bright Spearmint Mini,Mini,White,4 mg/prilla · 8 mg/g,vit,Velo Bright Spearmint Mini
velo-crispy-peppermint,Velo,Crispy Peppermint,Slim,White,"10 mg/prilla · 14,3 mg/g",vit,Velo Crispy Peppermint
velo-crispy-peppermint-mini,Velo,Crispy Peppermint Mini,Mini,White,10 mg/prilla · 20 mg/g,vit,Velo Crispy Peppermint Mini
velo-dark-blackcurrant-3,Velo,Dark Blackcurrant 3,Slim,White,"8 mg/prilla · 11,4 mg/g",vit,Velo Dark Blackcurrant 3
velo-dark-cherry-mini,Velo,Dark Cherry Mini,Mini,White,4 mg/prilla · 10 mg/g,vit,Velo Dark Cherry Mini
velo-freezing-peppermint-10-9,Velo,"Freezing Peppermint 10,9",Slim,White,"10,9 mg/prilla · 15,6 mg/g",vit,"Velo Freezing Peppermint 10,9"
velo-freezing-peppermint-14,Velo,Freezing Peppermint 14,Slim,White,14 mg/prilla · 20 mg/g,vit,Velo Freezing Peppermint 14
velo-freezing-peppermint-17,Velo,Freezing Peppermint 17,Slim,White,"17 mg/prilla · 24,3 mg/g",vit,Velo Freezing Peppermint 17
velo-freezing-peppermint-tomorrowland-limited-edition-2025,Velo,Freezing Peppermint Tomorrowland Limited Edition 2025,Slim,White,"10,9 mg/prilla · 15,6 mg/g",vit,Velo Freezing Peppermint Tomorrowland Limited Edition 2025
velo-green-spearmint,Velo,Green Spearmint,Slim,White,"6 mg/prilla · 8,6 mg/g",vit,Velo Green Spearmint
velo-icy-berries,Velo,Icy Berries,Slim,White,"10 mg/prilla · 14,3 mg/g",vit,Velo Icy Berries
velo-icy-cherry,Velo,Icy Cherry,Slim,White,"9,9 mg/prilla · 14,2 mg/g",vit,Velo Icy Cherry
velo-lime-flame,Velo,Lime Flame,Slim,White,"8 mg/prilla · 11,4 mg/g",vit,Velo Lime Flame
velo-mango-flame-w-heating-sensation,Velo,Mango Flame W. Heating Sensation,Slim,White,"10 mg/prilla · 14,3 mg/g",vit,Velo Mango Flame W. Heating Sensation
velo-mclaren-sweet-papaya-limited-edition,Velo,McLaren Sweet Papaya Limited Edition,Slim,White,"8 mg/prilla · 11,4 mg/g",vit,Velo McLaren Sweet Papaya Limited Edition
velo-orange-spark-w-tingling-sensation,Velo,Orange Spark w. Tingling Sensation,Slim,White,"10,9 mg/prilla · 15,6 mg/g",vit,Velo Orange Spark w. Tingling Sensation
velo-peppermint-storm,Velo,Peppermint Storm,Slim,White,"10,9 mg/prilla · 15,6 mg/g",vit,Velo Peppermint Storm
velo-purple-grape-mini,Velo,Purple Grape Mini,Mini,White,6 mg/prilla · 12 mg/g,vit,Velo Purple Grape Mini
velo-purple-grape-strong,Velo,Purple Grape Strong,Slim,White,"10 mg/prilla · 14,3 mg/g",vit,Velo Purple Grape Strong
velo-ruby-berry,Velo,Ruby Berry,Slim,White,"6 mg/prilla · 8,6 mg/g",vit,Velo Ruby Berry
velo-salty-liquorice,Velo,Salty Liquorice,Slim,White,"10 mg/prilla · 14,3 mg/g",vit,Velo Salty Liquorice
velo-shift-cool-peppermint,Velo,Shift Cool Peppermint,Slim,White,8 mg/prilla · 5 mg/g,vit,Velo Shift Cool Peppermint
velo-shift-hot-dragonfruit,Velo,Shift Hot Dragonfruit,Slim,White,8 mg/prilla · 5 mg/g,vit,Velo Shift Hot Dragonfruit
velo-shift-hot-grape,Velo,Shift Hot Grape,Slim,White,8 mg/prilla · 5 mg/g,vit,Velo Shift Hot Grape
velo-shift-hot-peach,Velo,Shift Hot Peach,Slim,White,8 mg/prilla · 5 mg/g,vit,Velo Shift Hot Peach
velo-shift-hot-spearmint,Velo,Shift Hot Spearmint,Slim,White,8 mg/prilla · 5 mg/g,vit,Velo Shift Hot Spearmint
velo-simply-spearmint-mini,Velo,Simply Spearmint Mini,Mini,White,"4 mg/prilla · 9,5 mg/g",vit,Velo Simply Spearmint Mini
velo-sour-lime-mini,Velo,Sour Lime Mini,Mini,White,"4,2 mg/prilla · 10 mg/g",vit,Velo Sour Lime Mini
velo-sweet-blackcurrant-limited-edition,Velo,Sweet Blackcurrant Limited Edition,Slim,White,"8 mg/prilla · 11,4 mg/g",vit,Velo Sweet Blackcurrant Limited Edition
velo-tropical-mango-14,Velo,Tropical Mango 14,Slim,White,14 mg/prilla · 20 mg/g,vit,Velo Tropical Mango 14
velo-tropical-mango-6,Velo,Tropical Mango 6,Slim,White,"6 mg/prilla · 8,6 mg/g",vit,Velo Tropical Mango 6
velo-wintery-watermelon-mini,Velo,Wintery Watermelon Mini,Mini,White,6 mg/prilla · 12 mg/g,vit,Velo Wintery Watermelon Mini
velo-zest-flame-w-heating-sensation,Velo,Zest Flame w. Heating Sensation,Slim,White,"10 mg/prilla · 14,3 mg/g",vit,Velo Zest Flame w. Heating Sensation
velo-zesty-elderflower,Velo,Zesty Elderflower,Slim,White,"10 mg/prilla · 14,3 mg/g",vit,Velo Zesty Elderflower
vid-arctic-blast-stark,Vid,Arctic Blast Stark,Slim,White,"8,9 mg/prilla · 16 mg/g",vit,Vid Arctic Blast Stark
vid-blueberry-strong,Vid,BLUEBERRY Strong,Slim,White,"8 mg/prilla · 14,4 mg/g",vit,Vid BLUEBERRY Strong
vid-chili-chocolate-strong,Vid,Chili Chocolate Strong,Slim,White,"8,9 mg/prilla · 16 mg/g",vit,Vid Chili Chocolate Strong
vid-coffee-caramel,Vid,Coffee Caramel,Slim,White,"7,2 mg/prilla · 12 mg/g",vit,Vid Coffee Caramel
vid-coffee-caramel-stark,Vid,Coffee Caramel Stark,Slim,White,"9,6 mg/prilla · 16 mg/g",vit,Vid Coffee Caramel Stark
vid-cola-sour,Vid,Cola Sour,Slim,White,"7,2 mg/prilla · 12 mg/g",vit,Vid Cola Sour
vid-cola-sour-stark,Vid,Cola Sour Stark,Slim,White,"9,6 mg/prilla · 16 mg/g",vit,Vid Cola Sour Stark
vid-fruit-fusion,Vid,Fruit Fusion,Slim,White,"7,2 mg/prilla · 12 mg/g",vit,Vid Fruit Fusion
vid-hot-pineapple,Vid,Hot Pineapple,Slim,White,"8,9 mg/prilla · 16 mg/g",vit,Vid Hot Pineapple
vid-liquorice-tar,Vid,Liquorice Tar,Slim,White,"8,4 mg/prilla · 12 mg/g",vit,Vid Liquorice Tar
vid-menthol,Vid,Menthol,Slim,White,"7,2 mg/prilla · 12 mg/g",vit,Vid Menthol
vid-menthol-mild-mini,Vid,Menthol Mild Mini,Mini,White,"4,8 mg/prilla · 12 mg/g",vit,Vid Menthol Mild Mini
vid-mint-mild-mini,Vid,Mint Mild Mini,Mini,White,"4,8 mg/prilla · 12 mg/g",vit,Vid Mint Mild Mini
vid-minty-apple,Vid,Minty Apple,Slim,White,"7,2 mg/prilla · 12 mg/g",vit,Vid Minty Apple
vid-minty-apple-mild-mini,Vid,Minty Apple Mild Mini,Mini,White,"4,8 mg/prilla · 12 mg/g",vit,Vid Minty Apple Mild Mini
vid-minty-cola-mild-mini,Vid,Minty Cola Mild Mini,Mini,White,"4,8 mg/prilla · 12 mg/g",vit,Vid Minty Cola Mild Mini
vid-minty-lemon,Vid,Minty Lemon,Slim,White,"8,4 mg/prilla · 12 mg/g",vit,Vid Minty Lemon
vid-minty-lemon-mild-mini,Vid,Minty Lemon Mild Mini,Mini,White,"4,8 mg/prilla · 12 mg/g",vit,Vid Minty Lemon Mild Mini
vid-perfect-pear,Vid,Perfect Pear,Slim,White,"8,4 mg/prilla · 12 mg/g",vit,Vid Perfect Pear
vid-perfect-pear-stark,Vid,Perfect Pear Stark,Slim,White,"11,2 mg/prilla · 16 mg/g",vit,Vid Perfect Pear Stark
vid-ruby-raspberry,Vid,Ruby Raspberry,Slim,White,"7,2 mg/prilla · 12 mg/g",vit,Vid Ruby Raspberry
vid-salty-liquorice-stark,Vid,Salty Liquorice Stark,Slim,White,"11,2 mg/prilla · 16 mg/g",vit,Vid Salty Liquorice Stark
vid-spicy-orange-strong,Vid,Spicy Orange Strong,Slim,White,"8,9 mg/prilla · 16 mg/g",vit,Vid Spicy Orange Strong
vid-sweet-tea-mild-mini,Vid,Sweet Tea Mild Mini,Mini,White,"4,8 mg/prilla · 12 mg/g",vit,Vid Sweet Tea Mild Mini
vid-vanilla-pear,Vid,Vanilla Pear,Slim,White,"7,2 mg/prilla · 12 mg/g",vit,Vid Vanilla Pear
vid-vanilla-pear-stark,Vid,Vanilla Pear Stark,Slim,White,"9,6 mg/prilla · 16 mg/g",vit,Vid Vanilla Pear Stark
vid-violet-velvet,Vid,Violet Velvet,Slim,White,"7,2 mg/prilla · 12 mg/g",vit,Vid Violet Velvet
vid-watermelon,Vid,Watermelon,Slim,White,"7,2 mg/prilla · 12 mg/g",vit,Vid Watermelon
vid-watermelon-mild-mini,Vid,Watermelon Mild Mini,Mini,White,"4,8 mg/prilla · 12 mg/g",vit,Vid Watermelon Mild Mini
vont-fresh-mint,Vont,Fresh Mint,Slim,White,"9 mg/prilla · 12,9 mg/g",vit,Vont Fresh Mint
vont-fresh-mint-mild,Vont,Fresh Mint Mild,Slim,White,"4 mg/prilla · 5,7 mg/g",vit,Vont Fresh Mint Mild
vont-juicy-berry-normalstark,Vont,Juicy Berry normalstark,Slim,White,"6 mg/prilla · 8,6 mg/g",vit,Vont Juicy Berry normalstark
vont-juicy-berry-stark,Vont,Juicy Berry Stark,Slim,White,"12 mg/prilla · 17,1 mg/g",vit,Vont Juicy Berry Stark
vont-sweet-melon,Vont,Sweet Melon,Slim,White,"6 mg/prilla · 8,6 mg/g",vit,Vont Sweet Melon
vont-sweet-melon-stark,Vont,Sweet Melon Stark,Slim,White,"12 mg/prilla · 17,1 mg/g",vit,Vont Sweet Melon Stark
xqs-arctic-freeze-slim,XQS,Arctic Freeze Slim,Slim,White,"9,6 mg/prilla · 16 mg/g",vit,XQS Arctic Freeze Slim
xqs-arctic-freeze-stark,XQS,Arctic Freeze Stark,Slim,White,"11,2 mg/prilla · 16 mg/g",vit,XQS Arctic Freeze Stark
xqs-berrynana-twist-8mg,XQS,Berrynana Twist 8mg,Slim,White,8 mg/prilla · 16 mg/g,vit,XQS Berrynana Twist 8mg
xqs-black-cherry,XQS,Black Cherry,Slim,White,8 mg/prilla · 16 mg/g,vit,XQS Black Cherry
xqs-black-cherry-4mg,XQS,Black Cherry 4mg,Slim,White,4 mg/prilla · 8 mg/g,vit,XQS Black Cherry 4mg
xqs-blueberry-mint,XQS,Blueberry Mint,Slim,White,8 mg/prilla · 16 mg/g,vit,XQS Blueberry Mint
xqs-cactus-sour-strong,XQS,Cactus Sour Strong,Slim,White,8 mg/prilla · 16 mg/g,vit,XQS Cactus Sour Strong
xqs-chili-mango,XQS,Chili Mango,Slim,White,"9,6 mg/prilla · 16 mg/g",vit,XQS Chili Mango
xqs-citrus-cooling,XQS,Citrus Cooling,Slim,White,8 mg/prilla · 16 mg/g,vit,XQS Citrus Cooling
xqs-cool-ice-mini,XQS,Cool Ice Mini,Mini,White,"4,2 mg/prilla · 12 mg/g",vit,XQS Cool Ice Mini
xqs-cool-ice-slim,XQS,Cool Ice Slim,Slim,White,"9,6 mg/prilla · 16 mg/g",vit,XQS Cool Ice Slim
xqs-dark-banana-8mg-4,Xqs,Dark Banana 8mg 4,Slim,White,8 mg/prilla · 8 mg/g,vit,Xqs Dark Banana 8mg 4
xqs-elderflower,XQS,Elderflower,Slim,White,8 mg/prilla · 16 mg/g,vit,XQS Elderflower
xqs-elderflower-4mg,XQS,Elderflower 4mg,Slim,White,4 mg/prilla · 8 mg/g,vit,XQS Elderflower 4mg
xqs-fizzy-cola,XQS,Fizzy Cola,Slim,White,8 mg/prilla · 16 mg/g,vit,XQS Fizzy Cola
xqs-fizzy-peach-8mg-4,Xqs,Fizzy Peach 8mg 4,Slim,White,8 mg/prilla · 800 mg/g,vit,Xqs Fizzy Peach 8mg 4
xqs-fruzzle-strong,XQS,Fruzzle Strong,Slim,White,8 mg/prilla · 16 mg/g,vit,XQS Fruzzle Strong
xqs-hallon-lakrits-8-mg-4,XQS,Hallon Lakrits 8 mg 4,Slim,White,8 mg/prilla · 16 mg/g,vit,XQS Hallon Lakrits 8 mg 4
xqs-hallonsoda,XQS,Hallonsoda,Slim,White,8 mg/prilla · 16 mg/g,vit,XQS Hallonsoda
xqs-orange-apple,XQS,Orange Apple,Slim,White,8 mg/prilla · 16 mg/g,vit,XQS Orange Apple
xqs-orange-apple-4mg,XQS,Orange Apple 4mg,Slim,White,4 mg/prilla · 8 mg/g,vit,XQS Orange Apple 4mg
xqs-soft-toffee,XQS,Soft Toffee,Slim,White,8 mg/prilla · 16 mg/g,vit,XQS Soft Toffee
xqs-spearmint-8mg,XQS,Spearmint 8mg,Slim,White,8 mg/prilla · 16 mg/g,vit,XQS Spearmint 8mg
xqs-strawberry-kiwi-8mg,XQS,Strawberry Kiwi 8mg,Slim,White,8 mg/prilla · 16 mg/g,vit,XQS Strawberry Kiwi 8mg
xqs-tropical,XQS,Tropical,Slim,White,8 mg/prilla · 16 mg/g,vit,XQS Tropical
xqs-tropical-4-mg-2,XQS,Tropical 4 mg 2,Slim,White,4 mg/prilla · 8 mg/g,vit,XQS Tropical 4 mg 2
xqs-twin-apple,XQS,Twin Apple,Slim,White,8 mg/prilla · 16 mg/g,vit,XQS Twin Apple
xqs-wintergreen,XQS,Wintergreen,Slim,White,8 mg/prilla · 16 mg/g,vit,XQS Wintergreen
zafari-blood-orange,Zafari,Blood Orange,Slim,White,10 mg/prilla · 20 mg/g,vit,Zafari Blood Orange
zafari-carribean-guava,Zafari,Carribean Guava,Slim,White,6 mg/prilla · 12 mg/g,vit,Zafari Carribean Guava
zafari-desert-mint,Zafari,Desert Mint,Slim,White,6 mg/prilla · 12 mg/g,vit,Zafari Desert Mint
zafari-desert-mint-light,Zafari,Desert Mint (light),Slim,White,4 mg/prilla · 8 mg/g,vit,Zafari Desert Mint (light)
zafari-desert-mint-stark,Zafari,Desert Mint Stark,Slim,White,10 mg/prilla · 20 mg/g,vit,Zafari Desert Mint Stark
zafari-fresh-mint,Zafari,Fresh Mint,Slim,White,10 mg/prilla · 20 mg/g,vit,Zafari Fresh Mint
zafari-fresh-mint-rainbow-edition,Zafari,Fresh Mint - Rainbow edition,Slim,White,10 mg/prilla · 20 mg/g,vit,Zafari Fresh Mint - Rainbow edition
zafari-ice-cold-mint,Zafari,Ice Cold Mint,Slim,White,10 mg/prilla · 20 mg/g,vit,Zafari Ice Cold Mint
zafari-red-sea-orange,Zafari,Red Sea Orange,Slim,White,6 mg/prilla · 12 mg/g,vit,Zafari Red Sea Orange
zafari-red-sea-orange-light,Zafari,Red Sea Orange (Light),Slim,White,4 mg/prilla · 8 mg/g,vit,Zafari Red Sea Orange (Light)
zafari-red-sea-orange-stark,Zafari,Red Sea Orange Stark,Slim,White,10 mg/prilla · 20 mg/g,vit,Zafari Red Sea Orange Stark
zafari-sauna-tar,Zafari,Sauna Tar,Slim,White,6 mg/prilla · 12 mg/g,vit,Zafari Sauna Tar
zafari-sauna-tar-mild,Zafari,Sauna Tar Mild,Slim,White,4 mg/prilla · 8 mg/g,vit,Zafari Sauna Tar Mild
zafari-spicy-mango,Zafari,Spicy Mango,Slim,White,10 mg/prilla · 20 mg/g,vit,Zafari Spicy Mango
zafari-sunset-mango,Zafari,Sunset Mango,Slim,White,6 mg/prilla · 12 mg/g,vit,Zafari Sunset Mango
zafari-sunset-mango-light,Zafari,Sunset Mango (light),Slim,White,4 mg/prilla · 8 mg/g,vit,Zafari Sunset Mango (light)
zafari-sunset-mango-stark,Zafari,Sunset Mango Stark,Slim,White,10 mg/prilla · 20 mg/g,vit,Zafari Sunset Mango Stark
zixs-bergamott-original,Zixs,Bergamott Original,Large,White,"6,4 mg/prilla · 8 mg/g",vit,Zixs Bergamott Original
zixs-ice-stark,Zixs,Ice Stark,Slim,White,"10,3 mg/prilla · 14 mg/g",vit,Zixs Ice Stark
zixs-ice-stark-original,Zixs,Ice Stark Original,Large,White,"10,3 mg/prilla · 14 mg/g",vit,Zixs Ice Stark Original
zixs-icy-mint-original,Zixs,Icy Mint Original,Large,White,"6,4 mg/prilla · 8 mg/g",vit,Zixs Icy Mint Original
zixs-lemon-rush,Zixs,Lemon Rush,Slim,White,"5,9 mg/prilla · 8 mg/g",vit,Zixs Lemon Rush
zixs-melon-freeze-stark,Zixs,Melon Freeze Stark,Slim,White,"11,8 mg/prilla · 16 mg/g",vit,Zixs Melon Freeze Stark
zixs-melon-freeze-stark-original,Zixs,Melon Freeze Stark Original,Large,White,"12,8 mg/prilla · 16 mg/g",vit,Zixs Melon Freeze Stark Original
zixs-melon-rush-original,Zixs,Melon Rush Original,Large,White,"6,4 mg/prilla · 8 mg/g",vit,Zixs Melon Rush Original
zixs-melon-rush-slim,Zixs,Melon Rush Slim,Slim,White,"5,9 mg/prilla · 8 mg/g",vit,Zixs Melon Rush Slim
zixs-minty-lemon-original,Zixs,Minty Lemon Original,Large,White,"6,4 mg/prilla · 8 mg/g",vit,Zixs Minty Lemon Original
zixs-north-ice-66-stark,Zixs,North Ice -66 Stark,Slim,White,"11,8 mg/prilla · 16 mg/g",vit,Zixs North Ice -66 Stark
zixs-north-ice-66-stark-original,Zixs,North Ice -66 Stark Original,Large,White,"12,8 mg/prilla · 16 mg/g",vit,Zixs North Ice -66 Stark Original
zixs-salmiak-original,Zixs,Salmiak Original,Large,White,"6,4 mg/prilla · 8 mg/g",vit,Zixs Salmiak Original
zixs-salmiak-slim,Zixs,Salmiak Slim,Slim,White,"5,9 mg/prilla · 8 mg/g",vit,Zixs Salmiak Slim
zixs-z-xs-slim-cola-buzz,Zixs,Z!XS Slim Cola Buzz,Slim,White,"11,8 mg/prilla · 16 mg/g",vit,Zixs Z!XS Slim Cola Buzz
zixs-z-xs-slim-exotic-chill,Zixs,Z!XS Slim Exotic Chill,Slim,White,"11,8 mg/prilla · 16 mg/g",vit,Zixs Z!XS Slim Exotic Chill
zone-no-13-sweet-mint-3,Zone,No. 13 Sweet Mint 3,Slim,White,"10 mg/prilla · 14,2 mg/g",vit,Zone No. 13 Sweet Mint 3
zone-no-25-berry-blast-5,Zone,No. 25 Berry Blast 5,Slim,White,"11 mg/prilla · 15,6 mg/g",vit,Zone No. 25 Berry Blast 5
zone-no-3-cool-mint-3,Zone,No. 3 Cool Mint 3,Slim,White,"10 mg/prilla · 14,2 mg/g",vit,Zone No. 3 Cool Mint 3
zone-no-33-juicy-peach-3,Zone,No. 33 Juicy Peach 3,Slim,White,"10 mg/prilla · 14,2 mg/g",vit,Zone No. 33 Juicy Peach 3
zone-no-33-juicy-peach-3-co,Zone,No. 33 Juicy Peach 3 CO,Slim,White,10 mg/prilla,vit,Zone No. 33 Juicy Peach 3 CO
zone-no-5-cool-mint-5,Zone,No. 5 Cool Mint 5,Slim,White,"11 mg/prilla · 15,6 mg/g",vit,Zone No. 5 Cool Mint 5
zone-no15-sweet-mint-ultra,Zone,No15 Sweet Mint Ultra,Slim,White,11 mg/prilla · 15 mg/g,vit,Zone No15 Sweet Mint Ultra
zone-no23-berry-blast-strong,Zone,No23 Berry Blast Strong,Slim,White,"10 mg/prilla · 14,1 mg/g",vit,Zone No23 Berry Blast Strong
zone-no35-juicy-peach-ultra,Zone,No35 Juicy Peach Ultra,Slim,White,"10 mg/prilla · 14,2 mg/g",vit,Zone No35 Juicy Peach Ultra
zone-no53-watermelon-ice-strong,Zone,No53 Watermelon Ice Strong,Slim,White,"10 mg/prilla · 14,1 mg/g",vit,Zone No53 Watermelon Ice Strong
zone-no55-watermelon-ice-ultra,Zone,No55 Watermelon Ice Ultra,Slim,White,"11 mg/prilla · 15,6 mg/g",vit,Zone No55 Watermelon Ice Ultra
zone-no63-orange-razz-strong,Zone,No63 Orange Razz Strong,Slim,White,"10 mg/prilla · 14,2 mg/g",vit,Zone No63 Orange Razz Strong
zone-no65-orange-razz-ultra,Zone,No65 Orange Razz Ultra,Slim,White,"11 mg/prilla · 15,6 mg/g",vit,Zone No65 Orange Razz Ultra
zyn-apple-mint-mini-4,Zyn,Apple Mint Mini 4,Mini,White,6 mg/prilla · 15 mg/g,vit,Zyn Apple Mint Mini 4
zyn-apple-mint-mini-dry-2,Zyn,Apple Mint Mini Dry 2,Mini,White Dry,"3 mg/prilla · 7,5 mg/g",vit,Zyn Apple Mint Mini Dry 2
zyn-apple-mint-slim-3,Zyn,Apple Mint Slim 3,Slim,White,"8,9 mg/prilla · 13 mg/g",vit,Zyn Apple Mint Slim 3
zyn-apple-mint-slim-4,Zyn,Apple Mint Slim 4,Slim,White,"10,6 mg/prilla · 15,5 mg/g",vit,Zyn Apple Mint Slim 4
zyn-bellini-mini-dry-2,Zyn,Bellini Mini Dry 2,Mini,White Dry,"3 mg/prilla · 7,5 mg/g",vit,Zyn Bellini Mini Dry 2
zyn-black-cherry-mini-dry-2,Zyn,Black Cherry Mini Dry 2,Mini,White Dry,"3 mg/prilla · 7,5 mg/g",vit,Zyn Black Cherry Mini Dry 2
zyn-black-cherry-mini-dry-4,Zyn,Black Cherry Mini Dry 4,Mini,White Dry,6 mg/prilla · 15 mg/g,vit,Zyn Black Cherry Mini Dry 4
zyn-black-cherry-s3,Zyn,Black Cherry S3,Slim,White,9 mg/prilla · 10 mg/g,vit,Zyn Black Cherry S3
zyn-black-licorice-mini-dry-2,Zyn,Black Licorice Mini Dry 2,Mini,White Dry,"3 mg/prilla · 7,5 mg/g",vit,Zyn Black Licorice Mini Dry 2
zyn-blackcurrant-ice-slim-5,Zyn,Blackcurrant Ice Slim 5,Slim,White,"13,5 mg/prilla · 19,3 mg/g",vit,Zyn Blackcurrant Ice Slim 5
zyn-cactus-spice-slim-3,Zyn,Cactus Spice Slim 3,Slim,White,"9 mg/prilla · 13,2 mg/g",vit,Zyn Cactus Spice Slim 3
zyn-cactus-spice-slim-3-co,Zyn,Cactus Spice Slim 3 CO,Slim,White,"9 mg/prilla · 13,2 mg/g",vit,Zyn Cactus Spice Slim 3 CO
zyn-cactus-spice-slim-4,Zyn,Cactus Spice Slim 4,Slim,White,"10,6 mg/prilla · 15,6 mg/g",vit,Zyn Cactus Spice Slim 4
zyn-citrus-mini-dry-2,Zyn,Citrus Mini Dry 2,Mini,White Dry,"3 mg/prilla · 7,5 mg/g",vit,Zyn Citrus Mini Dry 2
zyn-citrus-slim-3,Zyn,Citrus Slim 3,Slim,White,"8,9 mg/prilla · 13 mg/g",vit,Zyn Citrus Slim 3
zyn-citrus-slim-4,Zyn,Citrus Slim 4,Slim,White,"10,6 mg/prilla · 15,5 mg/g",vit,Zyn Citrus Slim 4
zyn-coffee-mini-s2-moist,Zyn,Coffee Mini S2 (moist),Mini,White,6 mg/prilla · 15 mg/g,vit,Zyn Coffee Mini S2 (moist)
zyn-cool-frost-slim-4,Zyn,Cool Frost Slim 4,Slim,White,"10,8 mg/prilla · 15,8 mg/g",vit,Zyn Cool Frost Slim 4
zyn-cool-mint-ice-slim-6,Zyn,Cool Mint Ice Slim 6,Slim,White,"16,5 mg/prilla · 23,6 mg/g",vit,Zyn Cool Mint Ice Slim 6
zyn-cool-mint-mini-dry-2,Zyn,Cool Mint Mini Dry 2,Mini,White Dry,"3 mg/prilla · 7,5 mg/g",vit,Zyn Cool Mint Mini Dry 2
zyn-cool-mint-mini-dry-4,Zyn,Cool Mint Mini Dry 4,Mini,White Dry,6 mg/prilla · 15 mg/g,vit,Zyn Cool Mint Mini Dry 4
zyn-cool-mint-slim-2,Zyn,Cool Mint Slim 2,Slim,White,"6 mg/prilla · 8,8 mg/g",vit,Zyn Cool Mint Slim 2
zyn-cool-mint-slim-3,Zyn,Cool Mint Slim 3,Slim,White,"9 mg/prilla · 13,2 mg/g",vit,Zyn Cool Mint Slim 3
zyn-cool-mint-slim-4,Zyn,Cool Mint Slim 4,Slim,White,"10,6 mg/prilla · 15,6 mg/g",vit,Zyn Cool Mint Slim 4
zyn-cucumber-lime-slim-2,Zyn,Cucumber Lime Slim 2,Slim,White,"6,3 mg/prilla · 9,2 mg/g",vit,Zyn Cucumber Lime Slim 2
zyn-dark-frost-slim-4,Zyn,Dark Frost Slim 4,Slim,White,"11 mg/prilla · 15,7 mg/g",vit,Zyn Dark Frost Slim 4
zyn-dark-roast-limited-edition-4,Zyn,Dark Roast Limited Edition 4,Slim,White,"10,9 mg/prilla · 15,6 mg/g",vit,Zyn Dark Roast Limited Edition 4
zyn-deep-freeze-slim-4,Zyn,Deep Freeze Slim 4,Slim,White,"11 mg/prilla · 15,7 mg/g",vit,Zyn Deep Freeze Slim 4
zyn-espressino-mini-dry-2,Zyn,Espressino Mini Dry 2,Mini,White Dry,"3 mg/prilla · 7,5 mg/g",vit,Zyn Espressino Mini Dry 2
zyn-espressino-mini-dry-4,Zyn,Espressino Mini Dry 4,Mini,White Dry,6 mg/prilla · 15 mg/g,vit,Zyn Espressino Mini Dry 4
zyn-gentle-mint-mini-1,Zyn,Gentle Mint Mini 1,Mini,White,"3 mg/prilla · 7,5 mg/g",vit,Zyn Gentle Mint Mini 1
zyn-gentle-mint-slim-2,Zyn,Gentle Mint Slim 2,Slim,White,"6 mg/prilla · 8,8 mg/g",vit,Zyn Gentle Mint Slim 2
zyn-lemon-spritz-slim-2,Zyn,Lemon Spritz Slim 2,Slim,White,"6,1 mg/prilla · 9 mg/g",vit,Zyn Lemon Spritz Slim 2
zyn-macchiato-limited-edition-3,Zyn,Macchiato Limited Edition 3,Slim,White,"6 mg/prilla · 8,8 mg/g",vit,Zyn Macchiato Limited Edition 3
zyn-menthol-ice-slim-5,Zyn,Menthol Ice Slim 5,Slim,White,"13,5 mg/prilla · 19,3 mg/g",vit,Zyn Menthol Ice Slim 5
zyn-menthol-ice-slim-6,Zyn,Menthol Ice Slim 6,Slim,White,"16,5 mg/prilla · 23,6 mg/g",vit,Zyn Menthol Ice Slim 6
zyn-original-mini-2,Zyn,Original Mini 2,Mini,White,"3 mg/prilla · 7,5 mg/g",vit,Zyn Original Mini 2
zyn-original-mini-4,Zyn,Original Mini 4,Mini,White,6 mg/prilla · 15 mg/g,vit,Zyn Original Mini 4
zyn-red-berry-fizz-slim-2,Zyn,Red Berry Fizz Slim 2,Slim,White,"6 mg/prilla · 8,8 mg/g",vit,Zyn Red Berry Fizz Slim 2
zyn-red-berry-fizz-slim-2-co,Zyn,Red Berry Fizz Slim 2 CO,Slim,White,"6 mg/prilla · 8,8 mg/g",vit,Zyn Red Berry Fizz Slim 2 CO
zyn-red-berry-fizz-slim-3,Zyn,Red Berry Fizz Slim 3,Slim,White,"9 mg/prilla · 13,2 mg/g",vit,Zyn Red Berry Fizz Slim 3
zyn-red-berry-fizz-slim-4,Zyn,Red Berry Fizz Slim 4,Slim,White,"10,6 mg/prilla · 15,6 mg/g",vit,Zyn Red Berry Fizz Slim 4
zyn-red-fruits-slim-2,Zyn,Red Fruits Slim 2,Slim,White,"6 mg/prilla · 8,8 mg/g",vit,Zyn Red Fruits Slim 2
zyn-red-fruits-slim-3,Zyn,Red Fruits Slim 3,Slim,White,"8,8 mg/prilla · 12,9 mg/g",vit,Zyn Red Fruits Slim 3
zyn-spearmint-mini-dry-1,Zyn,Spearmint Mini Dry 1,Mini,White Dry,"1,6 mg/prilla · 4 mg/g",vit,Zyn Spearmint Mini Dry 1
zyn-spearmint-mini-dry-2,Zyn,Spearmint Mini Dry 2,Mini,White Dry,"3 mg/prilla · 7,5 mg/g",vit,Zyn Spearmint Mini Dry 2
zyn-spearmint-slim-2,Zyn,Spearmint Slim 2,Slim,White,"6 mg/prilla · 8,8 mg/g",vit,Zyn Spearmint Slim 2
zyn-spearmint-slim-3,Zyn,Spearmint Slim 3,Slim,White,"9 mg/prilla · 13,2 mg/g",vit,Zyn Spearmint Slim 3
zyn-violet-licorice-slim-2,Zyn,Violet Licorice Slim 2,Slim,White,"6 mg/prilla · 8,8 mg/g",vit,Zyn Violet Licorice Slim 2
zyn-violet-licorice-slim-3,Zyn,Violet Licorice Slim 3,Slim,White,"9 mg/prilla · 13,2 mg/g",vit,Zyn Violet Licorice Slim 3
zyn-watermelon-mint-s2,Zyn,WATERMELON MINT S2,Slim,White,6 mg/prilla · 10 mg/g,vit,Zyn WATERMELON MINT S2
